apps_sydney_2017/data/country_data/br	year	month	day	focal_depth	magnitute	country	location_name	latitude	longitude	deaths	missing	injuries	damage_millions_dollars			damage_description	houses_destroyed	houses_destroyed_description	houses_damaged	houses_damaged_description	total_deaths	total_deaths_description	total_missing	total_missing_description	total_injuries	total_injuries_description	total_damage_millions_dollars	total_damage_range	total_damage_description	total_houses_destroyed	total_houses_damaged
	2007	1	8	18	6	kyrgyzstan	kyrgyzstan:  isfaria	39.803	70.311							2	187	3										~$1 to $5 Million	2	187	
	2007	1	9	20	4.5	china	china:  gansu province	37.021	103.911							3	2000	4										~$5 to $24 Million	3	2000	
	2007	1	10	23	4.7	china	china:  gansu province	33.259	104.74							1		2										Less than $1 Million	1		
Tsu	2007	1	13	10	8.1	russia	russia:  kuril islands	46.243	154.524																			#N/A			
	2007	1	21	3	5.1	turkey	turkey:  e	39.592	42.863			2				1									2	1		Less than $1 Million	1		
	2007	1	21	22	7.5	indonesia	indonesia:  molucca islands:  n	1.065	126.282	4		4				1					4	1			4	1		Less than $1 Million	1		
	2007	2	16	79	4.9	philippines	philippines:  mindanao	6.614	126.24							1												Less than $1 Million	1		
	2007	2	21	10	5.7	turkey	turkey:  dogankoy, puturge, sivrice	38.318	39.267							1		1		1								Less than $1 Million	1		
	2007	3	6	19	6.4	indonesia	indonesia:  sumatra:  southern	-0.493	100.498	67		826				3	43719	4	43719	4	67	2			826	3		~$5 to $24 Million	3	43719	
	2007	3	6	43	5	colombia	colombia:  cauca, sotara, purace,	2.082	-76.495			9				1	9	1							9	1		Less than $1 Million	1	9	
	2007	3	6	16	4.7	iran	iran:  western:  dorud	33.49	48.93			35				1									35	1		Less than $1 Million	1		
Tsu	2007	3	25	34	7.1	vanuatu	vanuatu islands	-20.617	169.357																			#N/A			
Tsu	2007	3	25	8	6.7	japan	japan:  honshu:  w coast	37.336	136.588	1		150				3	58	2	455	3	1	1			150	3		~$5 to $24 Million	3	58	455
	2007	3	25	15	5.8	greece	greece:  argostolion, kefallinia	38.34	20.42							1		1										Less than $1 Million	1		
Tsu	2007	4	1	24	8.1	solomon islands	solomon islands	-8.466	157.043	54						3	300	3	500	3	54	2						~$5 to $24 Million	3	2500	500
	2007	4	13	34	6	mexico	mexico:  guerrero, atoyac	17.302	-100.198							1	2	1										Less than $1 Million	1	2	
	2007	4	15	16	4.6	japan	japan:  honshu:  w	34.807	136.239			12				2	63	1							12	1		~$1 to $5 Million	2	63	
	2007	4	16	14	4.5	albania	albania:  tirana	41.172	19.897							1		1										#N/A			
Tsu	2007	4	21	37	6.2	chile	chile:  southern	-45.243	-72.648							1			2	1	10	1						Less than $1 Million	1		2
	2007	4	28	10	4.6	uk	united kingdom:  england:  folkestone	51.085	1.009			1				1									1	1		Less than $1 Million	1		
	2007	5	8	14	4.5	usa	montana:  sheridan	45.394	-112.13							1												Less than $1 Million	1		
	2007	5	16	24	6.3	laos	laos:  bokeo;  thailand:  chiang rai, chian saen	20.504	100.746							1												Less than $1 Million	1		
	2007	5	29	24	6.1	indonesia	indonesia: labuha	-1.065	127.343							1		2										Less than $1 Million	1		
	2007	6	2	5	6.1	china	china:  yunnan province:  ning'er	23.028	101.052	3		329	310			4					3	1			329	3	310	$25 Million or more	4		
	2007	6	13	23	6.7	guatemala	guatemala:  guatemala city	13.554	-90.618							1		2		2								Less than $1 Million	1		
	2007	6	18	5	5.5	iran	iran:  qom	34.437	50.833							1		2		2								Less than $1 Million	1		
	2007	7	13	50	4.5	ecuador	ecuador:  zaruma	-3.987	-79.836							1												#N/A			
Tsu	2007	7	16	10	6.6	japan	japan:  honshu:  w coast	37.57	138.478	9		1088	12500			4			875	3	9	1			1088	4	12500	$25 Million or more	4		875
	2007	7	20	10	5.6	china	china:  xinjiang:  tekes	42.913	82.378							2	2120	4										~$1 to $5 Million	2	2120	
	2007	7	20	5	4.2	usa	california:  montclair	37.804	-122.193							1												Less than $1 Million	1		
	2007	7	21	10	5.2	tajikistan	tajikistan:  rasht, asht	38.936	70.485	12											12	1						#N/A			
	2007	7	22	19	4.3	india	india:  uttarkashi, chamoli, muzaffarnagar	30.881	78.239			3				1		1		1					3	1		Less than $1 Million	1		
	2007	7	26	25	6.9	indonesia	indonesia:  maluku:  n	2.872	127.464							1		1								2		Less than $1 Million	1		
	2007	8	1	120	7.2	vanuatu	vanuatu islands:  luganville	-15.595	167.68							1		1		1								Less than $1 Million	1		
Tsu	2007	8	2	5	6.2	russia	russia:  tatar strait	47.116	141.798	2		12				1	11	1	20	1	2	1			12	1		Less than $1 Million	1	11	20
Tsu	2007	8	2	21	6.7	usa	alaska:  aleutian islands	51.307	-179.971																			#N/A			
	2007	8	6	2	4.2	usa	utah:  huntington	39.465	-111.237	9											9	1				1		#N/A			
	2007	8	8	289	7.5	indonesia	indonesia:  java	-5.968	107.655																			#N/A			
Tsu	2007	8	15	39	8	peru	peru:  ica, pisco, lima	-13.386	-76.603	514		1090				4	39700	4			514	3			1090	4		$25 Million or more	4	39700	
	2007	8	17	0	1.6	usa	utah	39.464	-111.207	3		6									3	1			6	1		#N/A			
	2007	8	20	5	4.4	india	india:  maharashtra:  satara	17.2	73.7							1												Less than $1 Million	1		
	2007	8	25	10	5	iran	iran:  hadji abad, orzuiyeh	28.154	56.652			4													4	1		#N/A			
Tsu	2007	9	2	35	7.2	solomon islands	solomon islands:  santa cruz islands	-11.61	165.762																			#N/A			
	2007	9	9	35	4.8	indonesia	indonesia:  situbondo	-7.783	114.338			13				1									13	1		Less than $1 Million	1		
	2007	9	10	31	6.8	colombia	colombia:  narino, el charco, iscuande, la tola	2.982	-77.967			5				1	35	1							5	1		Less than $1 Million	1	35	
Tsu	2007	9	12	34	8.4	indonesia	indonesia:  sumatra	-4.438	101.367	25		161				3	56425	4	56425	4	25	1			161	3		~$5 to $24 Million	3	56425	
	2007	9	12	35	7.9	indonesia	indonesia:  sumatra	-2.625	100.841																			#N/A			
	2007	9	28	260	7.5	japan	japan:  volcano islands	22.013	142.668																			#N/A			
Tsu	2007	9	30	10	7.4	new zealand	new zealand:  auckland islands	-49.418	163.954																			#N/A			
	2007	10	15	26	6.8	new zealand	new zealand:  south island:  fiordland	-44.785	167.583							1												Less than $1 Million	1		
	2007	10	26	10	4.8	pakistan	pakistan:  ghanche	35.304	76.753	1		12									1	1			12	1		#N/A			
	2007	10	31	10	5.6	usa	california:  san jose	37.434	-121.774							1												Less than $1 Million	1		
	2007	11	6	10	5.1	india	india:  gujarat	21.181	70.724	1		5				1		2		2	1	1			5	1		Less than $1 Million	1		
	2007	11	7	72	5.1	philippines	philippines:  bohol island:  mabini	9.721	124.647	1											1	1						#N/A			
	2007	11	7	29	5.1	bangladesh	bangladesh:  chittagong, bandarban, rangamati	22.15	92.388			10				1									10	1		Less than $1 Million	1		
Tsu	2007	11	14	40	7.7	chile	chile:  tocopilla, maria elena	-22.247	-69.89	2		65				3		4			2	1			65	2		~$5 to $24 Million	3		
	2007	11	16	123	6.8	ecuador	peru-ecuador:  guayaquil	-2.312	-77.838							1												Less than $1 Million	1		
	2007	11	20	7	4.8	iran	iran:  western:  qal' eh-ye tol, khuzestan	31.68	49.93			30				1		1		1					30	1		Less than $1 Million	1		
	2007	11	25	35	6.5	indonesia	indonesia:  sumbawa island	-8.277	118.339	3						2		3			3	1				3		~$1 to $5 Million	2		
	2007	11	25	10	4.7	india	india:  badaun, meerut, noida, rewari	28.555	77.057							1		1		1								Less than $1 Million	1		
Tsu	2007	11	29	156	7.4	martinique	martinique	14.944	-61.274	1		102				1					1	1			102	3		Less than $1 Million	1		
	2007	12	9	10	4.6	brazil	brazil:  minas gerais	-15.048	-44.231	1		6				2	76	2			1	1			6	1		~$1 to $5 Million	2	76	
Tsu	2007	12	9	153	7.8	kermadec islands (new zealand)	kermadec islands	-25.996	-177.514																			#N/A			
	2007	12	15	25	5.9	chile	chile:  off central coast, vina del mar, valparaiso	-32.689	-71.695			4				1		1							4	1		Less than $1 Million	1		
	2007	12	20	20	6.6	new zealand	new zealand:  off coast north island	-39.011	178.291	1						1	3	1			1	1						Less than $1 Million	1	3	
	2007	12	20	10	5.7	turkey	turkey:  central:  yeniyapan, abazlar, suyuguzel	39.417	33.212							1		1		1								Less than $1 Million	1		
	2007	12	26	8	5.6	turkey	turkey:  central:  ankara	39.446	33.162							3	2214	4	2214	4								~$5 to $24 Million	3	2214	
	2008	1	1	6	5.6	kyrgyzstan	kyrgyzstan:  osh	40.288	72.985							3	5385	4										~$5 to $24 Million	3	5385	
	2008	1	5	66	5.6	guatemala	guatemala:  colomba, flores, costa cuca	14.129	-91.479							1												Less than $1 Million	1		
	2008	1	7	12	5.9	indonesia	indonesia: new guinea: manokwari,	-0.795	134.012			6				1			22	1					6	1		Less than $1 Million	1		22
	2008	1	9	10	4.6	algeria	algeria:  oran	35.616	-0.57	1						2					1	1						~$1 to $5 Million	2		
	2008	1	12	34	5	bangladesh	india-bangladesh:  rangamati, bangladesh	22.761	92.333							1				2								Less than $1 Million	1		
	2008	1	22	20	6.1	indonesia	indonesia:  sumatra:  nias island:  gunungsitoli	1.011	97.442	1		5				1					1	1			5	1		Less than $1 Million	1		
	2008	2	3	10	5.9	congo	congo:  bukavu	-2.296	28.9	38		717				3	99	2	815	3	38	1			717	3		~$5 to $24 Million	3	99	815
	2008	2	6	10	4.3	india	india:  west bengal	23.433	87.111	1		50				2					1	1			50	1		~$1 to $5 Million	2		
	2008	2	9	3	5.1	mexico	mexico:  baja california	32.456	-115.315							1												Less than $1 Million	1		
	2008	2	13	14	4.9	iran	iran:  nasirabad	31.73	51.2			10				1									10	1		Less than $1 Million	1		70
	2008	2	14	10	4.9	rwanda	rwanda:  gisenyi	-2.404	28.918	1		109				1			5	1	1	1			109	3		Less than $1 Million	1		5
	2008	2	15	10	5	lebanon	lebanon-syria:  baalbec	33.327	35.305			10				1				1					10	1		Less than $1 Million	1		
	2008	2	20	26	7.4	indonesia	indonesia:  sumatera:  aceh province	2.768	95.964	3		25									3	1			25	1		#N/A			
	2008	2	21	7	6	usa	nevada:  wells	41.153	-114.867			3				2			720	3					3	1		~$1 to $5 Million	2		720
Tsu	2008	2	25	25	6.5	indonesia	indonesia:  sumatra:  padang	-2.486	99.972							1				2								Less than $1 Million	1		
	2008	2	27	18	4.8	uk	united kingdom:  england:  lincolnshire	53.403	-0.332			1				1									1	1		Less than $1 Million	1		
	2008	2	29	10	4.3	brazil	brazil:  sobral	-3.7	-40.35							1												Less than $1 Million	1		
	2008	3	9	10	4.5	india	india:  gujarat	23.33	70.592							1												Less than $1 Million	1		
	2008	3	20	10	7.2	china	china:  xinjiang province	35.49	81.467							3	2200	4										~$5 to $24 Million	3	2200	
	2008	3	29	51	5.3	peru	peru:  off coast	-12.178	-77.164			1				1	5	1							1	1		Less than $1 Million	1	5	
Tsu	2008	4	9	33	7.3	new caledonia	new caledonia: loyalty islands	-20.071	168.892																			#N/A			
	2008	4	15	33	6.1	guatemala	guatemala	13.564	-90.599							1												Less than $1 Million	1		8
	2008	4	18	14	5.3	usa	illinois:  west salem	38.452	-87.886							1				1								Less than $1 Million	1		
	2008	4	26	1	5	usa	nevada:  fallon	39.52	-119.93							1				1								Less than $1 Million	1		
Tsu	2008	4	28	32	6.4	vanuatu	vanuatu islands	-19.941	168.953																			#N/A			
	2008	5	1	16	4.5	iran	iran:  lorestan, boroujerd	33.86	48.59			100				1									100	2		Less than $1 Million	1		
	2008	5	7	39	6.8	japan	japan:  honshu:  e coast	36.158	141.521			6				1									6	1		Less than $1 Million	1		
Tsu	2008	5	12	19	7.9	china	china:  sichuan province	31.002	103.322	87652		374171	86000			4	5360000	4	5360000	4	87652	4			374171	4	86000	$25 Million or more	4	5360000	21000000
	2008	5	21	10		brazil	brazil:  alcantaras	-3.91	-40.44							1												Less than $1 Million	1		
	2008	5	24	9	5.6	colombia	colombia:  meta, quetame	4.33	-73.764	6						1				2	6	1						Less than $1 Million	1		
	2008	5	25	10	6	china	china:  sichuan province	32.57	105.424	8		927				4	400000	4	400000	4	8	1			927	3		$25 Million or more	4	400000	
	2008	5	26	13	5.6	costa rica	panama-costa rica	8.423	-82.968							1												Less than $1 Million	1		
	2008	5	27	10	5.7	china	china:  sichuan province	32.71	105.54							3	20000	4	20000	4								~$5 to $24 Million	3	20000	
	2008	5	29	10	6.3	iceland	iceland: reykjavik	64.004	-21.012			30				1									30	1		Less than $1 Million	1		
	2008	6	6	4	5.5	algeria	algeria:  oran	35.883	-0.658	1		30				2		2		2	1	1			30	1		~$1 to $5 Million	2		
	2008	6	6	11	3.8	india	india:  manpur	24.702	84.964			2				1									2	1		Less than $1 Million	1		
	2008	6	8	16	6.3	greece	greece:  achaia, ileia	37.963	21.525	2		240				3	1156	4			2	1			240	3		~$5 to $24 Million	3	1156	
	2008	6	13	8	6.9	japan	japan:  honshu:  tokyo	39.03	140.881	13		357				3			614	3	13	1			357	3		~$5 to $24 Million	3		614
	2008	7	1	33	5.5	peru	peru:  central:  oxapampa, huancabamba	-10.368	-75.512			45				1	60	1	25	1					45	1		Less than $1 Million	1	60	25
	2008	7	3	10	5	iran	iran:  ne:  katkan	35.5	58.8							1		2		2								Less than $1 Million	1		
	2008	7	5	633	7.7	russia	russia:  sea of okhotsk	53.882	152.886																			#N/A			
	2008	7	8	123	6.2	peru	peru:  arequipa	-15.986	-71.748	1						1				2	1	1						Less than $1 Million	1		
Tsu	2008	7	19	22	6.9	japan	japan:  off east coast of honshu island	37.552	142.214																			#N/A			
	2008	7	23	108	6.8	japan	japan:  honshu:  n	39.802	141.464	1		200				2	90	2	90	2	1	1			200	3		~$1 to $5 Million	2		90
	2008	7	24	10	5.6	china	china:  sichuan province	32.747	105.542	1		17				3	1200	4	1200	4	1	1			17	1		~$5 to $24 Million	3	1200	
	2008	7	29	15	5.4	usa	california:  los angeles	33.953	-117.761			8				1				1					8	1		Less than $1 Million	1		
	2008	8	1	7	5.7	china	china:  sichuan province	32.036	104.722			231				2	540	3	540	3					231	3		~$1 to $5 Million	2	540	2450
	2008	8	5	6	6	china	china:  sichuan province	32.756	105.494	4		29				1					4	1			29	1		Less than $1 Million	1		
	2008	8	11	13	5.2	venezuela	venezuela:  cariaco-cumana	10.514	-64.171							1			50	1								Less than $1 Million	1		50
	2008	8	15	10	6	philippines	philippines:  luzon:  legaspi	12.897	124.319							1												Less than $1 Million	1		
	2008	8	19	46	5	china	china:  yunnan province	25.051	97.919							3	5	1	5	1								~$5 to $24 Million	3	5	2420
	2008	8	21	1	6	china	china:  yunnan province	25.044	97.684	5		127				3					5	1			127	3		~$5 to $24 Million	3		
	2008	8	25	32	5.5	new zealand	new zealand:  north island	-39.715	176.851							2												Less than $1 Million	1		
	2008	8	25	12	6.7	china	china:  tibet (xizang province)	30.901	83.52							2			700	3								~$1 to $5 Million	2		700
Tsu	2008	8	26	10	5	atlantic ocean	atlantic ocean:  south	-52.533	26.417																			#N/A			
	2008	8	27	16	6.2	russia	russia:  lake baykal	51.607	104.158							1												Less than $1 Million	1		
	2008	8	30	17	5.9	china	china:  sichuan province	26.272	101.937	43		589				4	392000	4	392000	4	43	1			589	3		$25 Million or more	4	392000	
	2008	9	3	6	4.1	turkey	turkey:  adiyaman	37.507	38.503							1												Less than $1 Million	1		
	2008	9	9	25	5.4	indonesia	indonesia:  sumatra:  southern	-3.935	103.058	2						2					2	1						~$1 to $5 Million	2		113
	2008	9	10	12	6.1	iran	iran:  hormozgan province	26.743	55.828	7		45				3		3		3	7	1			45	1		~$5 to $24 Million	3		
Tsu	2008	9	11	25	6.8	japan	japan:  hokkaido	41.892	143.754																			#N/A			
	2008	9	16	10	5	india	india:  maharashtra	17.438	73.915	1		20				3					1	1			20	1		~$5 to $24 Million	3		1500
	2008	10	5	27	6.6	kyrgyzstan	kyrgyzstan: nura	39.533	73.824	74		140				2		2			74	2			140	3		~$1 to $5 Million	2		
	2008	10	6	12	6.3	china	china:  tibet (xizang province)	29.807	90.35	9		19				2		3			9	1			19	1		~$1 to $5 Million	2		
	2008	10	11	16	5.7	russia	russia:  caucasus:  chechnya	43.372	46.254	13		100				3			1027	4	13	1			100	2		~$5 to $24 Million	3		1027
	2008	10	28	15	6.4	pakistan	pakistan:  quetta	30.639	67.351	166		370				4	3487	4	3487	4	166	3			370	3		$25 Million or more	4	3487	4125
	2008	10	29	14	6.4	pakistan	pakistan:  ziarat	30.598	67.455			1				2		2		2					1	1		~$1 to $5 Million	2		
	2008	11	10	19	6.3	china	china:  qinghai province	37.565	95.833			3	4			2		2		2					3	1	4	~$1 to $5 Million	2		
Tsu	2008	11	16	30	7.3	indonesia	indonesia:  minahassa peninsula	1.271	122.091	6		77				3			1000	3	6	1			77	2		~$5 to $24 Million	3		1000
	2008	11	19	32	6.1	panama	panama:  paso canoa, david, puerto armuelles	8.267	-82.967							1												Less than $1 Million	1		
	2008	11	22		4.1	czech republic	czech republic:  karvina	49.914	18.455	2		3				1					2	1			3	1		Less than $1 Million	1		
	2008	12	7	15	5.4	iran	iran:  s	26.99	55.8			5				1									5	1		Less than $1 Million	1		
	2008	12	9	25	4.5	china	china:  sichuan province	32.518	105.395	2		3									2	1			3	1		#N/A			
	2008	12	10	10	4.1	argentina	argentina:  potrerillos	-32.938	-69.259							1												Less than $1 Million	1		
	2008	12	25	35	4.7	myanmar (burma)	myanmar (burma)	23.97	97.569			19				3	30	1	30	1					19	1		~$5 to $24 Million	3	30	5400
	2008	12	25	35	4.8	china	china:  yunnan province:  simao	23.97	97.569			19				2	30	1	5400	4					19	1		~$1 to $5 Million	2	30	5400
	2008	12	29	158	5.8	afghanistan	afghanistan; pakistan:  mansehra, shangla	36.401	71.075							1												Less than $1 Million	1		
Tsu	2009	1	3	17	7.6	indonesia	papua new guinea:  near north coast	-0.414	132.885	5		250				3			840	3	5	1			250	3		~$5 to $24 Million	3		840
Tsu	2009	1	3	23	7.3	indonesia	papua new guinea:  near north coast	-0.691	133.305																			#N/A			
	2009	1	8	14	6.1	costa rica	costa rica:  la paz	10.165	-84.197	23	17	100				3	518	3			23	1	17	1	100	2		~$5 to $24 Million	3	518	
Tsu	2009	1	15	36	7.4	russia	russia:  kuril islands	46.857	155.154																			#N/A			
	2009	1	21	10	4.6	peru	peru:  paccha	-11.779	-75.626							2	50	1	500	3								~$1 to $5 Million	2	50	500
Tsu	2009	2	11	22	7.2	indonesia	indonesia:  kepulauan talaud	3.884	126.397			64				2			597	3					64	2		~$1 to $5 Million	2		597
	2009	2	20	10	5.4	pakistan	pakistan; india:  kashmir	34.204	73.899			44				1									44	1		Less than $1 Million	1		
	2009	2	20	17	5.5	china	china:  xinjiang province	40.657	78.692							3	5613	4	331	3								~$5 to $24 Million	3	331	5613
Tsu	2009	3	19	34	7.6	tonga	tonga islands	-23.046	-174.659																			#N/A			
	2009	3	26	10	4.1	india	india:  chaibasa	22.399	85.903			5				1									5	1		Less than $1 Million	1		
	2009	3	31	36	4.4	nicaragua	nicaragua:  san juan del rio coco	13.452	-86.06							1	3	1	10	1								~$1 to $5 Million	2	3	10
	2009	4	6	9	6.3	italy	italy:  l'aquila	42.334	13.334	309		1500	2500			4	15000	4			309	3			1500	4	2500	$25 Million or more	4	15000	
	2009	4	7	15	5.5	italy	italy:  l'aquila	42.275	13.464	1						1				1	1	1						Less than $1 Million	1		
	2009	4	9	44	5.2	india	india:  jaisalmer	27.143	70.749			6				2									6	1		~$1 to $5 Million	2		
	2009	4	16	6	5.4	afghanistan	afghanistan:  nangarhar	34.185	70.076	19		51				2	200	3	200	3	19	1			51	2		~$1 to $5 Million	2	200	
	2009	5	17	10	4.6	saudi arabia	saudi arabia: western	25.212	37.597							1		2										Less than $1 Million	1		
	2009	5	19	2	5.7	saudi arabia	saudi arabia: western	25.292	37.744			7													7	1		#N/A			
	2009	5	19	21	4.9	india	india:  kashmir	33.198	75.787							1												Less than $1 Million	1		100
	2009	5	24	0	5.3	macedonia	balkans nw:  macedonia	41.303	22.714							2												~$1 to $5 Million	2		
Tsu	2009	5	28	10	7.3	honduras	honduras:  northern; belize	16.72	-86.236	7		40				2	135	3	25	1	7	1			40	1		~$1 to $5 Million	2	135	25
	2009	5	29	13	5.7	vanuatu	vanuatu islands:  tongoa	-17.026	168.329			10				1		2		2					10	1		Less than $1 Million	1		
	2009	6	2	15	6.3	vanuatu	vanuatu islands:  tongoa	-17.757	167.949			4				1									4	1		Less than $1 Million	1		
	2009	6	13	15	5.4	kazakhstan	kazakhstan:  tekeli	44.724	78.864	1						1				2	1	1						Less than $1 Million	1		
	2009	7	4	38	6	panama	panama: panama city	9.59	-78.966			32				1									32	1		Less than $1 Million	1		10
	2009	7	9	7	5.7	china	china:  yunnan province:  yaoan county	25.632	101.095			336				3									336	3		~$5 to $24 Million	3		
Tsu	2009	7	15	12	7.8	new zealand	new zealand:  off west coast of south island	-45.762	166.562							1												Less than $1 Million	1		
	2009	7	24	13	5.8	china	china: tibet (xizang province):   gyungcan	31.158	85.902							1	6	1	6	1								Less than $1 Million	1	6	
	2009	8	8	10	3.4	china	china:  chongqing province:  rongchang	29.358	105.438	2		1				2	440	3	440	3	2	1			1	1		~$1 to $5 Million	2	440	
Tsu	2009	8	10	5	7.5	india	india:  andaman i	14.099	92.888																			#N/A			
Tsu	2009	8	10	40	6.4	japan	japan:  honshu:  s coast	34.743	138.264	1		123				3			5192	4	1	1			123	3		~$5 to $24 Million	3		5192
Tsu	2009	8	16	20	6.7	indonesia	indonesia:  sumatra:  padang	-1.479	99.49			9													9	1		#N/A			
	2009	8	28	13	6.2	china	china:  qinghai province	37.696	95.718							1												Less than $1 Million	1		30
	2009	8	30	82	5.2	myanmar (burma)	myanmar (burma);  india:  sibsagar	25.28	95.101							1												Less than $1 Million	1		
	2009	9	2	46	7	indonesia	indonesia:  java	-7.782	107.297	81		1297				3					81	2			1297	3		~$5 to $24 Million	3		54000
	2009	9	6	15	6	georgia	georgia:  northwestern	42.66	43.443			1				2									1	1		~$1 to $5 Million	2		1000
	2009	9	12	10	6.3	venezuela	venezuela:  carabobo	10.705	-67.92			18				1			17	1					18	1		Less than $1 Million	1		17
	2009	9	18	10	5.7	philippines	philippines:  cotabato, sultan kudarat	6.513	124.715			91				1									91	2		Less than $1 Million	1		76
	2009	9	18	79	5.7	indonesia	indonesia:  bali:  denpasar	-9.138	115.593			7				1				2					7	1		Less than $1 Million	1		
	2009	9	21	14	6.1	bhutan	bhutan:  tashigang	27.332	91.437	11						3		3		3	11	1				3		~$5 to $24 Million	3		
	2009	9	22	0	3.1	australia	australia:  mornington	-38.28	145.25							1												Less than $1 Million	1		
Tsu	2009	9	29	18	8.1	samoa	samoa islands	-15.489	-172.095												192	3			7	1	285	$25 Million or more	4		
Tsu	2009	9	30	81	7.5	indonesia	indonesia:  sumatra:  padang	-0.72	99.867	1117		1214	2200			4		3	181665	4	1117	4			1214	4	2200	$25 Million or more	4		181665
	2009	10	1	10	6.6	indonesia	indonesia:  sumatra:  southern:  kerinci	-2.515	101.501	3			10			3		3		3	3	1					10	~$5 to $24 Million	3		
Tsu	2009	10	7	45	7.6	vanuatu	vanuatu islands	-13.006	166.51																			#N/A			
	2009	10	7	35	7.8	solomon islands	solomon islands:  santa cruz islands	-12.517	166.382																			#N/A			
	2009	10	9	35	5.4	ecuador	ecuador:  tena	-0.962	-77.817							1												Less than $1 Million	1		
	2009	10	22	18	6.1	afghanistan	afghanistan:  hindu kush	36.517	70.95	5						1					5	1						Less than $1 Million	1		
	2009	10	29	26	5.3	bhutan	bhutan:  mongar, pemagatsel, tashigang	27.262	91.417							2	1	1	1	1								~$1 to $5 Million	2	1	116
	2009	11	1	25	4.9	china	china:  yunnan province	25.962	100.825			28					1000	3	1000	3					28	1		#N/A		1000	30000
	2009	11	3	14	5.1	iran	iran:  bandar abbas	27.334	56.202			269				1									269	3		Less than $1 Million	1		
	2009	11	8	18	6.6	indonesia	indonesia:  sumabawa:  bima	-8.207	118.631	2		200	2.43			2					2	1			200	3	2.43	~$1 to $5 Million	2		
	2009	11	27	7	5.4	venezuela	venezuela:  siquisique	10.434	-69.715							1												Less than $1 Million	1		
	2009	12	6	2	3.5	south africa	south africa:  carletonville	-26.414	27.494	2		3									2	1			3	1		#N/A			
	2009	12	8	8	5.9	malawi	malawi:  karonga	-9.948	33.878	1		15				3					1	1			15	1		~$5 to $24 Million	3		3000
	2009	12	12	10	5.1	india	india:  maharashtra:  satara	17.109	73.767							1												Less than $1 Million	1		
	2009	12	17	7	4.9	japan	japan:  honshu:  ito	34.921	139.261			7				1									7	1		Less than $1 Million	1		20
	2009	12	19	57	6.4	taiwan	taiwan:  hualien	23.796	121.605			14				1				1					14	1		Less than $1 Million	1		
	2009	12	19	6	6	malawi	malawi:  karonga	-10.108	33.818	3		250				3	1111	4	1111	4	3	1			250	3		~$5 to $24 Million	3	1111	3565
	2009	12	30	9	5.9	mexico	mexico:  mexicali	32.437	-115.165							1												Less than $1 Million	1		
	2009	12	31	10	5.2	bhutan	bhutan:  dametsi	27.319	91.51			2				2									2	1		~$1 to $5 Million	2		700
	2010	1	2	47	5.1	tajikistan	tajikistan	38.245	71.467				1.5			2	98	2	1000	3							1.5	~$1 to $5 Million	2	98	1000
Tsu	2010	1	3	26	6.6	solomon islands	solomon islands	-8.743	157.477																			#N/A			
Tsu	2010	1	3	25	7.1	solomon islands	solomon islands	-8.799	157.346							1	16	1	60	2								Less than $1 Million	1	16	60
Tsu	2010	1	5	15	6.8	solomon islands	solomon islands	-9.019	157.551																			#N/A			
	2010	1	10	65	5.1	indonesia	indonesia:  java:  garut	-7.907	107.879	1		2									1	1			2	1		#N/A			
	2010	1	10	29	6.5	usa	california:  off coast northern	40.652	-124.692			30	21.8			3									30	1	21.8	~$5 to $24 Million	3		
Tsu	2010	1	12	13	7	haiti	haiti:  port-au-prince	18.457	-72.533	316000		30000	8000			4	97294	4	188383	4	316000	4			300000	4	8000	$25 Million or more	4	97294	188383
	2010	1	15	8	5.5	venezuela	venezuela:  cariaco	10.454	-63.475			11				1			3	1					11	1		Less than $1 Million	1		3
	2010	1	16	5	5	iran	iran:  khuzestan:  arrjan	32.45	48.3							2												~$1 to $5 Million	2		150
	2010	1	17	27	4.4	china	china:  guizhou province	25.558	105.804	7	1	9									7	1	1	1	9	1		#N/A			
	2010	1	30	10	4.7	china	china:  sichuan province: moxi	30.268	105.668	1		15				2	200	3	200	3	1	1			15	1		~$1 to $5 Million	2	200	
	2010	2	25	36	4.8	china	china:  yunnan province	25.523	101.903			11				1				1					11	1		Less than $1 Million	1		
Tsu	2010	2	26	25	7	japan	japan:  tori shima, okinawa	25.93	128.425			2				1									2	1		Less than $1 Million	1		
Tsu	2010	2	27	23	8.8	chile	chile:  maule, concepcion, talcahuano	-36.122	-72.898	402		12000	30000			4			500000	4	558	3			12000	4	30000	$25 Million or more	4		500000
	2010	2	27	10	6.3	argentina	argentina:  salta	-24.872	-65.602	2		2									2	1			2	1		#N/A			
	2010	3	4	21	6.3	taiwan	taiwan:  kao-hsiung	22.918	120.795			96	1000			4									96	2	1000	$25 Million or more	4		340
	2010	3	8	12	6.1	turkey	turkey:  elazig province:  okcular, yukari demirci	38.864	39.986	51		100				2	287	3	287	3	51	2			100	2		~$1 to $5 Million	2	287	700
Tsu	2010	3	11	11	6.9	chile	chile:  rancagua	-34.29	-71.891							1												Less than $1 Million	1		
	2010	3	30	34	6.7	india	india: andaman islands:  diglipur	13.667	92.831			10				2									10	1		~$1 to $5 Million	2		
	2010	4	4	4	7.2	mexico	mexico:  baja california	32.297	-115.278	2		233	1150			4				3	2	1			233	3	1150	$25 Million or more	4		
Tsu	2010	4	6	31	7.8	indonesia	indonesia:  sumatra	2.383	97.048																			#N/A			
	2010	4	13	17	6.9	china	china:  qinghai province:  yushu	33.165	96.548	2220	70	12135	500			4	15000	4			2220	4	70	2	12135	4	500	$25 Million or more	4	15000	
	2010	4	18	13	5.6	afghanistan	afghanistan:  samangan province	35.633	67.658	11		70				4	2000	4			11	1			70	2		$25 Million or more	4	2000	
	2010	4	20	0	5.2	australia	australia:  kalgoorlie	-30.794	121.406			3				1									3	1		Less than $1 Million	1		
	2010	5	1	36	4.5	india	india:  chamoli	30.099	80.026							1												Less than $1 Million	1		
	2010	5	6	37	6.2	peru	peru:  tacna	-18.058	-70.547			11				2									11	1		~$1 to $5 Million	2		
	2010	5	9	38	7.2	indonesia	indonesia:  n. sumatra: simeulue island	3.748	96.018							1												Less than $1 Million	1		
	2010	5	14	2	5.2	algeria	algeria:  northern:  beni yellman	35.9	4.12	2		43									2	1			43	1		#N/A			
	2010	5	16	113	5.8	usa territory	puerto rico:  lares, vega baja	18.4	-67.07							1												Less than $1 Million	1		
Tsu	2010	5	29	10	4.4	usa territory	anatahan region, n. mariana islands	16.591	145.682																			#N/A			
Tsu	2010	6	12	35	7.5	india	india:  little nicobar island	7.881	91.936																			#N/A			
	2010	6	15	5	5.8	usa	california:  ocotillo	32.7	-115.921							1				1								Less than $1 Million	1		
	2010	6	16	18	7	indonesia	indonesia: new guinea:  irian jaya: japen	-2.174	136.543	17						3	2556	4			17	1						~$5 to $24 Million	3	2556	
	2010	6	18	20	5.9	india	india:  andaman islands:  diglipur	13.197	93.087							1												Less than $1 Million	1		
	2010	6	22	16	5.2	india	india:  tauli	29.872	80.428							1		1		1								Less than $1 Million	1		
	2010	6	23	22	5.2	canada	canada:  quebec:  val-des-bois, gracefield	45.88	-75.48							1												Less than $1 Million	1		
	2010	6	30	20	6.2	mexico	mexico:  san andres huaxpaltepec	16.396	-97.782	1											1	1						#N/A			
	2010	7	20	10	5.8	iran	iran:  farsinaj	27.022	53.861	1		32				2				3	1	1			32	1		~$1 to $5 Million	2		
	2010	7	23	586	7.6	philippines	philippines:  celebes sea:  moro gulf	6.486	123.467																			#N/A			
	2010	7	30	24	5.4	iran	iran:  torbet-i-heydariyeh	35.217	59.308			274				3									274	3		~$5 to $24 Million	3		
Tsu	2010	8	10	25	7.2	vanuatu	vanuatu islands	-17.541	168.069																			#N/A			
	2010	8	12	207	7.1	ecuador	ecuador:  manta, guayaquil, loja	-1.266	-77.306							1												Less than $1 Million	1		
Tsu	2010	8	13	10	6.9	usa territory	guam, northern mariana islands	12.484	141.476																			#N/A			
	2010	8	27	7	5.7	iran	iran:  damghan-torud	35.49	54.47	3		200				3	700	3			3	1			200	3		~$5 to $24 Million	3	700	
	2010	8	29	35	4.9	china	china:  sichuan province: ningang, ziaojia	27.197	103.005			14				3			1001	4					14	1		~$5 to $24 Million	3		1001
	2010	9	3	12	7	new zealand	new zealand:  christchurch	-43.522	171.83			2	6500			4				3					2	1	6500	$25 Million or more	4		
	2010	9	6	9	5	new zealand	new zealand:  south island:  christchurch	-43.57	172.388							1												Less than $1 Million	1		
	2010	9	6	21	5.1	new zealand	new zealand:  north island:  porangahau	-40.433	176.818							1												Less than $1 Million	1		
	2010	9	7	6	5	new zealand	new zealand:  south island:  canterbury	-43.598	172.69							1												Less than $1 Million	1		
	2010	9	10	10	4.8	bangladesh	bangladesh:  narayanganj	23.407	90.648							1												Less than $1 Million	1		
	2010	9	27	27	5.8	iran	iran:  shiraz	29.647	51.665	1		3				1		1			1	1			3	1		Less than $1 Million	1		
	2010	10	10	33	5.2	pakistan	pakistan:  khanpur, haripur	33.869	72.887	1		15				2			100	1	1	1			15	1		Less than $1 Million	1		100
Tsu	2010	10	25	20	7.8	indonesia	indonesia:  sumatra	-3.487	100.082												431	3					39	$25 Million or more	4	700	
	2010	11	3	1	5.5	serbia and montenegro	balkans nw: serbia:  kraljevo	43.76	20.673	2		100				3	1000	3	5000	4	2				100	2		~$5 to $24 Million	3	1000	5000
	2010	11	6	5	4.9	iran	iran:  dorud-razan	33.37	48.94			104				1				2					104	2		Less than $1 Million	1		
	2010	11	12	27	4.7	pakistan	pakistan:  quetta	30.178	67.117			12				1				2					12	1		Less than $1 Million	1		
	2010	12	16	10	5.1	ethiopia	ethiopia:  jima,  hosa'ina, shenk'ola, wenjela	7.521	37.839							2				3						3		~$1 to $5 Million	2		
	2010	12	19	5	3.7	usa	oklahoma:  luther	35.827	-96.772							1				1								Less than $1 Million	1		
	2010	12	20	12	6.5	iran	iran:  kerman	28.412	59.18	7		25				3		3	1800	4	7	1			25	1		~$5 to $24 Million	3		1800
Tsu	2010	12	21	14	7.4	japan	japan:  bonin islands	26.901	143.698																			#N/A			
Tsu	2010	12	25	16	7.3	vanuatu	vanuatu islands	-19.702	167.947																			#N/A			
	2010	12	25	5	4.5	new zealand	new zealand:  christchurch	-43.55	172.647							1			20	1								Less than $1 Million	1		20
	2011	1	5	24	4.5	iran	iran:  fars province	30.16	51.62			16				2									16	1		~$1 to $5 Million	2		
Tsu	2011	1	9	24	6.5	vanuatu	vanuatu islands	-19.157	168.311																			#N/A			
	2011	1	18	68	7.2	pakistan	pakistan: garhi khairo, quetta, balochistan	28.777	63.951	3						2	200	3	200	3	3	1				2		~$1 to $5 Million	2		200
	2011	2	1	31	4.8	china	china:  yunnan province:  pingyuan	24.693	97.943			1				2			700	3					1	1		~$1 to $5 Million	2		700
	2011	2	4	85	6.3	myanmar (burma)	myanmar (burma):  monywa	24.618	94.68	1						1		2			1	1						Less than $1 Million	1		
Tsu	2011	2	11	28	6.8	chile	chile:  off coast central	-36.474	-73.125																			#N/A			
	2011	2	17	1	3.1	usa	colorado:  paonia	38.947	-107.497							1												Less than $1 Million	1		
	2011	2	21	6	6.1	new zealand	new zealand:  christchurch, lyttelton	-43.583	172.68	181		1500	15000			4	100000	4			181	3			1500	4	15000	$25 Million or more	4	100000	
	2011	3	3	50	5.5	philippines	philippines:  mindanao	9.457	125.935							1				2								Less than $1 Million	1		
Tsu	2011	3	9	32	7.5	japan	japan:  honshu:  e coast	38.435	142.842																			#N/A			
	2011	3	10	26	5.5	china	china:  yunnan province:  pingyuan	24.719	97.969	25		250				3	1039	4	12528		25	1			250	3		~$5 to $24 Million	3	1039	12528
Tsu	2011	3	11	30	9.1	japan	japan:  honshu	38.297	142.372	1476		6152	220000			4	127511	4	273796	4	18453	4			6152	4	220085.456	$25 Million or more	4	127511	273796
	2011	3	11	43	7.9	japan	japan:  near e coast honshu	36.281	141.111																			#N/A			
	2011	3	11	19	7.6	japan	japan:  off east coast honshu	38.058	144.59																			#N/A			
	2011	3	24	8	6.8	myanmar (burma)	myanmar:  tachilek	20.687	99.822	75		123	3.6			2			10104	4	75	2			123	3	3.6	~$1 to $5 Million	2		10104
	2011	4	4	26	5.4	nepal	nepal-india:  uttarakhand, uttar pradesh	29.698	80.754							1												Less than $1 Million	1		
Tsu	2011	4	7	42	7.1	japan	japan: near e coast honshu	38.276	141.588	3		132				1					3	1			132	3		Less than $1 Million	1		
	2011	4	10	43	5.1	china	china:  sichuan province:  luhuo	31.373	100.757							1				1								Less than $1 Million	1		
	2011	4	11	11	6.6	japan	japan:  honshu	37.001	140.401	7						1	3	1			7	1						Less than $1 Million	1	3	
	2011	4	24	8	6.1	indonesia	indonesia:   sulawesi:  kendari	-4.586	122.771			14				2		2							14	1		~$1 to $5 Million	2		
	2011	5	11	1	5.1	spain	spain:  lorca	37.699	-1.672	10						1		1		1	10	1				3		Less than $1 Million	1		
	2011	5	19	7	4.3	turkey	turkey:  simav	39.12	29.04	2		125				1				2	2	1			125	3		Less than $1 Million	1		
	2011	6	8	21	5.3	china	china:  xinjiang province:  dabancheng	43.015	88.247			8				1			50	1					8	1		Less than $1 Million	1		50
	2011	6	13	6	6	new zealand	new zealand:  south island:  canterbury	-43.564	172.743	1		45	3000			4	100	2			1	1			45	1	3000	$25 Million or more	4	100	
	2011	6	20	39	5.3	china	china:  yunnan province:  baoshan	25.075	98.721			4				2									4	1		~$1 to $5 Million	2		
Tsu	2011	6	24	52	7.3	usa	alaska: aleutian islands: fox islands	52.05	-171.836																			#N/A			
	2011	6	26	29	5.3	china	china:  qinghai province	32.447	95.948							1	10	1		3								Less than $1 Million	1	10	
Tsu	2011	7	6	17	7.6	kermadec islands (new zealand)	new zealand: kermadec islands	-29.539	-176.34																			#N/A			
Tsu	2011	7	10	23	7	japan	japan:  honshu:  e coast	38.034	143.264																			#N/A			
	2011	7	19	20	6.1	uzbekistan	uzbekistan:  fargona, violyati	40.081	71.41	14		86				1		2			14	1			86	2		Less than $1 Million	1		
	2011	8	9	40	5	china	china: yunnan province: baoshan	24.932	98.73							3			22823	4					3	1		~$5 to $24 Million	3		22823
	2011	8	11	10	5.7	china	china:  xinjiang province:  southern, kashi	39.955	77.028			21				2									21	1		~$1 to $5 Million	2		
Tsu	2011	8	20	32	7.1	vanuatu	vanuatu islands	-18.365	168.143																			#N/A			
Tsu	2011	8	20	28	7	vanuatu	vanuatu islands	-18.311	168.218																			#N/A			
	2011	8	23	4	5.4	usa	colorado:  segundo	37.063	-104.701							2												~$1 to $5 Million	2		
	2011	8	23	6	5.8	usa	virginia:  louisa county, maryland, washington d.c.	37.936	-77.933							2												~$1 to $5 Million	2		
Tsu	2011	9	2	32	6.8	usa	alaska:  aleutian islands:  fox islands	52.171	-171.708																			#N/A			
	2011	9	5	91	6.7	indonesia	indonesia:  sumatra	2.965	97.893	10						1				2	10	1						Less than $1 Million	1		
	2011	9	7	10	4.3	india	india:  delhi	28.724	77.189			1													1	1		Less than $1 Million	1		
	2011	9	18	50	6.9	india	india:  sikkim	27.73	88.155	111		177	22.3			3	6000	4	6000	4	111	3			177	3	22.3	~$5 to $24 Million	3		6000
	2011	9	19	9	5.6	guatemala	guatemala:  cuilapa santa rosa	14.186	-90.238	1						1					1	1						Less than $1 Million	1		
	2011	10	20	10	5	india	india:  gujarat	21.211	70.533			34				3			3000	4					34	1		~$5 to $24 Million	3		3000
Tsu	2011	10	21	33	7.4	kermadec islands (new zealand)	kermadec islands	-28.993	-176.238																			#N/A			
	2011	10	23	16	7.1	turkey	turkey:  ercis, van	38.722	43.513	604		2608	1500			4	5739	4	4882	4	604	3			2608	4	1500	$25 Million or more	4	5739	4882
	2011	10	28	24	6.9	peru	peru:  san vicente de canete	-14.438	-75.966	1		103				2	134	3			1	1			103	2		~$1 to $5 Million	2	134	
	2011	10	29	10	3.5	india	india:  sikkim	27.449	88.684	2											2	1						#N/A			
	2011	10	29	3	4	ecuador	ecuador:  pomasqui	-0.13	-78.37							1				2								Less than $1 Million	1		
	2011	11	1	28	5.6	china	china:  xinjiang province	43.648	82.437				10.5			3	2453	4		3							10.5	~$5 to $24 Million	3	2453	
	2011	11	6	5	5.7	usa	oklahoma:  sparks	35.532	-96.765			2				2	14	1		3					2	1		~$1 to $5 Million	2	14	
	2011	11	7	46	5	philippines	philippines:  mindanao:  bukidnon province	7.904	125.185			31				1			23	1					31	1		Less than $1 Million	1		23
	2011	11	8	5	5	usa	oklahoma:  sparks, prague	35.531	-96.788							1				2								Less than $1 Million	1		
	2011	11	9	5	5.7	turkey	turkey:  van	38.429	43.229	40						1		1			40	1						Less than $1 Million	1		
	2011	11	21	114	5.8	india	india:  assam	24.955	95.236							1												Less than $1 Million	1		
	2011	11	24	43	5.1	el salvador	el salvador-guatemala	13.297	-87.898							1			80	2								Less than $1 Million	1		80
	2011	12	1	32	5.3	china	china:  xinjiang province:  southern, kashi	38.31	76.888							2			300	3								~$1 to $5 Million	2		300
	2011	12	3	56	5.3	new zealand	new zealand:  cook strait	-41.364	174.315							1				2								Less than $1 Million	1		
	2011	12	11	54	6.4	mexico	mexico:  guerrero	17.844	-99.963	2		5				2			70	2	2	1			5	1		~$1 to $5 Million	2		70
	2011	12	23	10	5.8	new zealand	new zealand:  south island:  christchurch	-43.49	172.8			60				1				1					60	2		Less than $1 Million	1		
	2011	12	27	15	6.7	russia	russia:  kyzyl	51.842	95.911							2				3								~$1 to $5 Million	2		
	2012	1	19	8	5.3	iran	iran:  khorasan-e-razavi	36.288	58.835			238				1				2					238	3		Less than $1 Million	1		
	2012	1	30	43	6.4	peru	peru:  ica	-14.168	-75.635			119				1				1					119	3		Less than $1 Million	1		
Tsu	2012	2	2	23	7	vanuatu	vanuatu islands	-17.827	167.133																			#N/A			
	2012	2	6	11	6.7	philippines	philippines:  negros oriental province	9.999	123.206	51	62	112	15			3	15000	4			51	2	62	2	112	3	15	~$5 to $24 Million	3	15000	
	2012	2	26	28	5.9	taiwan	taiwan:  pingtung	22.661	120.891							1												Less than $1 Million	1		
	2012	2	27	10	5.2	iran	iran:  ravar	31.428	56.778			6				1				2					6	1		Less than $1 Million	1		
	2012	3	5	37	5.6	philippines	philippines:  masbate island	12.354	123.7			10				1	1	1		2					10	1		Less than $1 Million	1	1	
Tsu	2012	3	14	12	6.9	japan	japan:  hokkaido	40.887	144.944																			#N/A			
	2012	3	16	18	5.8	philippines	philippines:  surigao	10.037	125.633			55				1	4	1		1					55	2		Less than $1 Million	1	4	
Tsu	2012	3	20	20	7.4	mexico	mexico:  guerrero, oaxaca	16.493	-98.231	2		13				3	800	3			2	1			13	1		~$5 to $24 Million	3	800	
	2012	3	25	41	7.2	chile	chile:  parral, santiago	-35.2	-72.217	1		14				1				2	1	1			14	1		Less than $1 Million	1		
Tsu	2012	4	11	20	8.6	indonesia	indonesia:  n sumatra:  off west coast	2.327	93.063	10		12				1				2	10	1			12	1		Less than $1 Million	1		
Tsu	2012	4	11	25	8.2	indonesia	indonesia:  n sumatra:  off west coast	0.802	92.463																			#N/A			
Tsu	2012	4	14	11	6.3	vanuatu	vanuatu islands	-18.972	168.741																			#N/A			
	2012	4	17	29	6.7	chile	chile:  valparaiso	-32.625	-71.365	2						1				2	2	1						Less than $1 Million	1		
	2012	5	3	10	5.4	iran	iran:  mourmouri, abdanan, dehloran	32.747	47.726			8				2				3					8	1		~$1 to $5 Million	2		
	2012	5	7	11	5.7	azerbaijan	azerbaijan:  zagatala	41.549	46.789			50				3	3100	4		1					50	1		~$5 to $24 Million	3	3100	
	2012	5	11	43	5.4	india	india:  assam:  kamrup, guwahati	26.175	92.889			2				1				2					2	1		Less than $1 Million	1		
	2012	5	12	10	5.7	tajikistan	tajikistan	38.612	70.354	1						2		3			1	1						~$1 to $5 Million	2		
	2012	5	14	10	6.3	chile	chile:  arica; peru:  tacna	-17.678	-69.591							1												Less than $1 Million	1		
	2012	5	19	10	4.1	brazil	brazil:  montes claros	-16.764	-43.999							1			6	1								Less than $1 Million	1		6
	2012	5	20	6	6.1	italy	italy:  emilia romagna:  mirandola	44.89	11.23	7						4				3	7	1			50	1		$25 Million or more	4		
	2012	5	20	5	5.1	italy	italy:  sant'agostino	44.831	11.49							1												Less than $1 Million	1		
	2012	5	22	10	5.6	bulgaria	bulgaria: pernik	42.645	22.968							2			90	2								~$1 to $5 Million	2		90
	2012	5	29	10	5.9	italy	italy:  emilia romagna:  medolla, mirandola, cavezzo	44.851	11.086	17		350	15800			4					17	1			350	3	15800	$25 Million or more	4		
	2012	6	4	50	5.8	indonesia	indonesia:  java	-7.692	106.371			2				1			23	1					2	1		Less than $1 Million	1		23
	2012	6	10	35	6.1	turkey	turkey:  fethiye; greece:  rhodes	36.42	28.88			6				1				2					6	1		Less than $1 Million	1		
	2012	6	11	16	5.8	afghanistan	afghanistan:  hindu kush	36.023	69.351	75		13				2	143	3	593	3	75	2			13	1		~$1 to $5 Million	2	143	593
	2012	6	14	5	5.3	turkey	turkey:  sirnak	37.294	42.325			23				1			25	1					23	1		Less than $1 Million	1		25
	2012	6	24	10	5.5	china	china:  yunnan and sichuan provinces	27.767	100.781	4		394				4	6768	4			4	1			394	3		$25 Million or more	4	6768	
	2012	6	29	18	6.3	china	china:  xinjiang province	43.433	84.7			52	68			4			30000	4					52	2	68	$25 Million or more	4		30000
	2012	7	20	10	4.9	china	china:  jiangsu province	32.978	119.593	1		2				1					1	1			2	1		Less than $1 Million	1		
	2012	7	25	22	6.5	indonesia	indonesia: banda aceh	2.707	96.045	1						1			20	1	1	1						Less than $1 Million	1		20
	2012	7	25	20	6.4	solomon islands	solomon islands: guadalcanal	-9.694	159.727							1	26	1										Less than $1 Million	1	26	
	2012	8	11	11	6.5	iran	iran:  ahar, haris, varzagan	38.329	46.826	306		3000				4		4		4	306	3			3000	4		$25 Million or more	4		
	2012	8	14	583	7.7	russia	russia:  sakhalin island	49.8	145.064																			#N/A			
	2012	8	18	10	6.3	indonesia	indonesia:  sulawesi:  sigi, parigi mountong	-1.315	120.096	6		43				4	471	3	1097	4	6	1			43	1		$25 Million or more	4	471	1097
Tsu	2012	8	27	28	7.3	nicaragua	nicaragua:  off the coast	12.139	-88.59																			#N/A			
Tsu	2012	8	31	28	7.6	philippines	philippines:  cagayan de oro, tacloban	10.811	126.638	1		1	0.3			1		1			1	1			1	1	0.3	Less than $1 Million	1		
Tsu	2012	9	5	35	7.6	costa rica	costa rica:  nicoya	10.085	-85.315	2		20				1		2			2	1			20	1		Less than $1 Million	1		
	2012	9	7	10	5.6	china	china: yunnan province:  zhaotong:  yiliang	27.575	103.983	81		821	1000			4	37000	4	133000	4	81	2			821	3	1000	$25 Million or more	4	37000	133000
	2012	10	18	10	5	india	india:  deurala, jaisinghnagar, kotma, sarai, umaria	23.739	81.314							1		2	1	1								Less than $1 Million	1		1
Tsu	2012	10	28	14	7.7	canada	canada:  queen charlotte islands	52.788	-132.101							1				1	1	1						Less than $1 Million	1		
Tsu	2012	11	7	24	7.3	guatemala	guatemala:  san marcos, san cristobal cochu	13.988	-91.895	48		155				3	2769	4	7561	4	48	2			155	3		~$5 to $24 Million	3	2769	7561
	2012	11	11	14	6.8	myanmar (burma)	myanmar (burma):  shwebo	23.005	95.885	26		230				2	251	3			26	1			230	3		~$1 to $5 Million	2	251	
	2012	11	26	10	5.1	china	china:  xinjiang province:  ruoqiang	40.411	90.355							1				2								Less than $1 Million	1		
	2012	12	5	14	5.7	iran	iran:  khorasan province	33.506	59.571	8		12				1				1	8	1			12	1		Less than $1 Million	1		
Tsu	2012	12	7	31	7.2	japan	japan:  honshu:  miyagi prefecture	37.89	143.949			11													11	1		#N/A			
Tsu	2013	1	5	10	7.5	usa	alaska:  southeastern	55.393	-134.652																			Less than $1 Million	1		
	2013	1	21	12	6.1	indonesia	indonesia:  sumatera:  n	4.927	95.907	1		15				1			71	2	1	1			15	1		Less than $1 Million	1		71
Tsu	2013	2	6	24	7.9	solomon islands	solomon islands:  santa cruz islands	-10.799	165.114												10	1			15	1		~$1 to $5 Million	2	588	478
Tsu	2013	2	8	21	7	solomon islands	solomon islands:  santa cruz islands	-10.928	166.018																			#N/A			
	2013	2	9	145	7	colombia	colombia:  cauca, narino, valle del cauca, risaralda	1.135	-77.393			15				2	100	2	1900	4					15	1		~$1 to $5 Million	2	100	1900
	2013	2	15		4.2	russia	russia:  chelyabinsk (meteor explosion)	55.15	61.41			1000				3			4000	4					1000	3		~$5 to $24 Million	3		4000
	2013	2	19	10	4.9	china	china:  yunnan province:  qiaojia	27.226	103.071			8				2	72	2	949	3					8	1		~$1 to $5 Million	2	72	949
	2013	2	22	8	5.3	peru	peru:  s	-15.748	-71.425							1			80	2								Less than $1 Million	1		80
	2013	3	3	8	5.4	china	china:  yunnan province	25.98	99.812			30				3	700	3	2500	4					30	1		~$5 to $24 Million	3	700	2500
	2013	3	11	10	5.1	china	china:  xinjian province:  s	40.119	77.466							2	864	3										~$1 to $5 Million	2	864	
	2013	3	27	19	6	taiwan	taiwan:  nantou county, taipei	23.828	121.215	1		86	1.128			2				3	1	1			86	2	1.128	~$1 to $5 Million	2		
	2013	4	9	12	6.3	iran	iran:  bushehr province:  shanbe, kaki, sena	28.428	51.593	37		850				2		3	700	3	37	1			850	3		~$1 to $5 Million	2		700
	2013	4	10	4	5.4	honduras	honduras: atlantida	15.52	-87.159							1	12	1	66	2								Less than $1 Million	1	12	66
	2013	4	12	14	5.8	japan	japan	34.369	134.828			24				1				1					24	1		Less than $1 Million	1		
	2013	4	16	80	7.7	iran	iran; pakistan:  mashkal	28.033	61.996	40		300				3			1000	3	40	1			300	3		~$5 to $24 Million	3		1000
	2013	4	17	9	5.8	japan	japan: miyakejima	33.958	139.352			3				1				2					3	1		Less than $1 Million	1		
	2013	4	18	0	2.1	usa	texas:  west	31.817	-97.088	14		200	100			4	50	1			14	1			200	3	100	$25 Million or more	4	50	
Tsu	2013	4	19	110	7.2	russia	russia:  kuril islands	46.221	150.788																			#N/A			
	2013	4	20	14	6.6	china	china:  sichuan province:  longmen	30.308	102.888	196	21	11470				3		3		3	196	3	21	1	11470	4		~$5 to $24 Million	3		
	2013	4	24	64	5.5	afghanistan	afghanistan:  kama	34.526	70.22	18		141				2			676	3	18	1			141	3		~$1 to $5 Million	2		676
	2013	5	1	15	5.7	india	india:  kashmir:  doda, kishtwar, ramban	33.061	75.863	3		90	19.5			3	1136	4	95532	4	3	1			90	2	19.5	~$5 to $24 Million	3	1136	95532
	2013	5	11	15	6.1	iran	iran:  hormozgan: bashagard	26.56	57.77	1		20				2			400	3	1	1			20	1		~$1 to $5 Million	2		400
	2013	5	19	7	4.9	algeria	algeria:  algiers	36.703	5.261			5				1				2					5	1		Less than $1 Million	1		
	2013	5	24	598	8.3	russia	russia:  severo kurilskiye	54.892	153.221																			#N/A			
	2013	6	1	10	5.7	philippines	philippines:  n. cotabato:  kimadzil, kibugtongan	7.275	124.898			33				1			164	3					33	1		Less than $1 Million	1		164
	2013	6	2	17	6.3	taiwan	taiwan:  jenai	23.789	121.141	4		21				1					4	1			21	1		Less than $1 Million	1		
	2013	6	18	10	5.3	russia	russia:  kemerovo	54.263	86.173							1			500	3								Less than $1 Million	1		500
	2013	6	22	47	5.1	indonesia	indonesia:  lombok island	-8.305	116.058			50				3	5370	3	1700	4					50	1		~$5 to $24 Million	3	5370	1700
	2013	7	2	13	6.1	indonesia	indonesia:  banda aceh	4.645	96.665	42		2500				3	20401	4			42	1	6	1	2500	4		~$5 to $24 Million	3	20401	
	2013	7	8	60	5.7	indonesia	indonesia:  java	-8.803	113.002			1				1	124	3							1	1		Less than $1 Million	1	124	
	2013	7	17	10	4.8	algeria	algeria:  hammam melouane	36.534	3.086			11				1				3					11	1		Less than $1 Million	1		
Tsu	2013	7	21	17	6.5	new zealand	new zealand:  cook strait	-41.704	174.337			5				1			35	1					5	1		Less than $1 Million	1		35
	2013	7	21	8	6	china	china:   gansu:  dingxi, min	34.512	104.262	94	5	1001	1968			4		4	22496	4	94	2	5	1	1001	4		$25 Million or more	4	1968	22496
	2013	8	7	15	5.1	greece	greece:  central:   phthiotis, reggini	38.753	22.666							2	100	2										~$1 to $5 Million	2	100	
	2013	8	16	10	6.5	new zealand	new zealand:  wellington	-41.767	174.061							1				2								Less than $1 Million	1		
	2013	8	21	12	6.2	mexico	mexico:  acapulco	16.917	-99.381			1				1				1					1	1		Less than $1 Million	1		
	2013	8	31	10	5.8	china	china:  yunnan province:  benzilan	28.229	99.37	5		24				3	600	3	55000	4	5	1			24	1		~$5 to $24 Million	3	600	55000
	2013	9	7	67	6.6	guatemala	guatemala:  coatepeque, quetzaltenango	14.643	-92.104	1		11				1		1			1	1			11	1		Less than $1 Million	1		
Tsu	2013	9	24	15	7.7	pakistan	pakistan:  awaran, kech	26.971	65.52	386		816				4	32638	4	14118	4	386	3			816	3		$25 Million or more	4	32638	14118
	2013	9	25	46	7	peru	peru:  arequipa	-15.851	-74.562							1		1										Less than $1 Million	1		
	2013	9	28	15	6.8	pakistan	pakistan: awaran	27.263	65.587	22											22	1						#N/A			
	2013	10	12	36	6.4	greece	greece:  crete:  chania	35.487	23.261			1				1				1					1	1		Less than $1 Million	1		
	2013	10	15	20	7.1	philippines	philippines:  bohol, cebu	9.866	124.011	186	11	583	20.3			3				3	186	3	11	1	583		20.6	~$5 to $24 Million	3		
	2013	10	22	48	5.3	indonesia	indonesia:  banda aceh	5.067	96.031	1		2				1			160	3	1	1			2	1		Less than $1 Million	1		160
Tsu	2013	10	25	26	7.1	japan	japan:  honshu:  e coast	37.149	144.679			1													1	1		#N/A			
	2013	11	17	10	7.8	antarctica	scotia sea:  south orkney islands	-60.296	-46.362																			#N/A			
	2013	11	28	16	5.6	iran	iran:  borazjan	29.363	51.314	8		190				2	250	3			8	1			190	3		~$1 to $5 Million	2	250	
	2014	1	2	10	5.5	iran	iran:  bastak	27.261	54.428	1		12				1				3	1	1			12	1		Less than $1 Million	1		
	2014	1	13	28	6.4	usa territory	puerto rico	19.001	-66.848																			#N/A			
	2014	1	20	28	6.2	new zealand	new zealand:  wellington	-40.634	175.776							1				1								Less than $1 Million	1		
	2014	1	25	89	6.1	indonesia	indonesia:  java:  banyumas	-7.976	109.246							1				2								Less than $1 Million	1		
	2014	1	26	12	6.1	greece	greece:  kefalonia	38.169	20.431			6	178			4				1					6	1	178	$25 Million or more	4		
	2014	2	2	25	5.3	iran	iran:  goharan	26.579	57.717							1				3								Less than $1 Million	1		
	2014	2	3	14	6.1	greece	greece:  kefalonia:  lixourion	38.292	20.337			16				1				1					16	1		Less than $1 Million	1		
	2014	2	12	10	6.9	china	china:  xinjiang province:  yutian	35.922	82.549							1				1								Less than $1 Million	1		
	2014	2	27	0	4.5	australia	australia:  kalgoorlie	-30.679	121.187							1												Less than $1 Million	1		
	2014	3	13	79	6.3	japan	japan:  southwestern	33.684	131.825			18				1									18	1		Less than $1 Million	1		
Tsu	2014	3	16	20	6.7	chile	chile:  iquique	-19.925	-70.628							1												Less than $1 Million	1		
	2014	3	29	5	5.1	usa	california:  la habra, brea, fullerton	33.932	-117.917				10.8			3				2						1	10.8	~$5 to $24 Million	3		
Tsu	2014	4	1	20	8.2	chile	chile:  northern:  iquique, alto hospicio	-19.642	-70.817	7						3			2500	4	7	1						~$5 to $24 Million	3		2500
Tsu	2014	4	3	40	7.6	chile	chile:  northern:  iquique	-20.4	-70.135																			#N/A			
	2014	4	4	26	5.4	china	china:  yunnan province:  xiluodu	28.155	103.641			21				1	75	2							21	1		Less than $1 Million	1	75	
	2014	4	10	13	6.1	nicaragua	nicaragua:  nagarote, managua	12.514	-86.379			250				3			1001	4	1	1			250	3		~$5 to $24 Million	3		1001
Tsu	2014	4	12	29	7.6	solomon islands	solomon islands	-11.315	162.211																			#N/A			
Tsu	2014	4	13	35	7.4	solomon islands	solomon islands	-11.451	162.069																			#N/A			
	2014	4	14	10	5.1	nicaragua	nicaragua:  managua, ciudad sandino	12.176	-86.296							1	7	1								1		Less than $1 Million	1	7	
	2014	4	18	24	7.2	mexico	mexico:  guerrero; mexico city	17.552	-100.816							1			127	2								Less than $1 Million	1		127
Tsu	2014	4	19	31	7.5	papua new guinea	papua new guinea:  solomon sea	-6.72	154.931																			#N/A			
	2014	5	5	7	6	thailand	thailand:  chiang rai	19.703	99.683							1	20	1		1	1	1			23	1		Less than $1 Million	1	20	
	2014	5	8	24	6.4	mexico	mexico:  tecpan	17.385	-100.656							1				1								Less than $1 Million	1		
	2014	5	8	15	4.5	pakistan	pakistan:  nawabshah	26.387	68.358	2		70				1		2			2	1			70	2		Less than $1 Million	1		
	2014	5	17	10	4.1	germany	germany:  hesse	49.915	8.624				1.36			2			70	2							1.36	~$1 to $5 Million	2		70
	2014	5	19	10	5.1	albania	albania:  belsh	40.977	19.879							1				1								Less than $1 Million	1		
	2014	5	24	10	6.9	greece	greece, turkey	40.305	25.453	3		266	450			4				1	3	1			266	3	4500	$25 Million or more	4		
	2014	5	30	10	5.9	china	china:  yunnan province:  yingjiang	24.976	97.865			45				1				1					45	1		Less than $1 Million	1		
Tsu	2014	6	23	20	6.9	new zealand	new zealand:  sse of raoul island	-30.118	-177.67																			#N/A			
Tsu	2014	6	23	108	7.9	usa	alaska:  aleutian islands	51.797	178.76																			#N/A			
	2014	7	7	60	6.9	mexico	mexico; guatemala:  san marcos	14.742	-92.409	5		12				1		1	50	1	5	1			12	1		Less than $1 Million	1		50
Tsu	2014	7	11	11	6.5	japan	japan:  sanriku	37.04	142.425			3													3	1		#N/A			
Tsu	2014	7	25	10	6.1	usa	alaska:  southeastern	58.358	-137.13																			#N/A			
	2014	7	29	95	6.3	mexico	mexico:  oaxaca	17.842	-95.524	1		1				1				1	1	1			1	1		Less than $1 Million	1		
	2014	8	1	10	5.6	algeria	algeria:  algiers	36.851	3.161	6		420									6	1			420	3		#N/A			
	2014	8	3	10	6.1	china	china:  yunnan:  ludian:   longtoushan, zhaotong	27.245	103.427	589		2400				3	12000	4			589	3			2400	4		~$5 to $24 Million	3	12000	
	2014	8	5	10	5.3	south africa	south africa	-26.986	26.741	1		2				2	13	1	1433	4	1	1			2	1		~$1 to $5 Million	2	13	1433
	2014	8	12	5	5.1	ecuador	ecuador:  quito	-0.076	-78.302	2		8									2	1			8	1		#N/A			
	2014	8	16	10	5.1	china	china:  yunnan province:  yongshan	28.182	103.57			6				1			337	3					6	1		Less than $1 Million	1		337
	2014	8	18	10	6.2	iran	iran:  abdanan	32.739	47.67			60				1		1							60	2		Less than $1 Million	1		
	2014	8	24	11	6	usa	california:  napa, vallejo	38.22	-122.313	1		172	700			4	126	3	532	3	1	1			172	3	700	$25 Million or more	4	126	532
	2014	9	20	19	5.2	philippines	philippines:  barangay luayon	6.881	125.251																1	1		Less than $1 Million	1	15	67
	2014	9	27	43	4.9	peru	peru:  paccha	-13.814	-71.744	8		5				1	45	3	70	3	8	1			5	1		Less than $1 Million	1	45	70
	2014	10	7	11	6	china	china:   yunnan province:  yongping	23.386	100.487	1		323				1		1			1	1			323	3		Less than $1 Million	1		
Tsu	2014	10	9	16	7.1	chile	chile: easter island region	-32.115	-110.779																			#N/A			
Tsu	2014	10	14	40	7.3	el salvador	el salvador:  gulf of fonseca	12.526	-88.123	1						1	5	1	41	1	1	1						Less than $1 Million	1	5	41
Tsu	2014	11	15	35	7.1	indonesia	indonesia:  n. moluccas islands	1.928	126.547																			#N/A			
	2014	11	22	15	5.9	china	china:  sichuan province:  kangding	30.343	101.72	1		15				1	2	1		1	1	1			15	1		Less than $1 Million	1	2	
	2014	11	22	10	6.2	japan	japan:  nagano:  hakuba, otari	36.64	137.911			41				1	50	1		2					41	1		Less than $1 Million	1	50	
	2014	12	6	11	5.6	china	china:  yunnan province:  yongping	23.336	100.474	1		15				2	434	3	17000	4	1	1			15	1		~$1 to $5 Million	2	434	17000
Tsu	2015	2	16	23	6.7	japan	japan:  honshu	39.83	142.89																			#N/A			
Tsu	2015	2	19	10	6.4	vanuatu	vanuatu islands	-16.431	168.148																			Less than $1 Million	1		
	2015	2	20	10	4.6	china	china:  yunnan province	23.663	102.907							1			276	3								Less than $1 Million	1		276
	2015	2	21	7	3.4	bosnia-herzegovina	balkans nw:  bosnia-herzegovina:	44.52	18.93	4		1									4	1			1	1		#N/A			
	2015	2	22	16	5.2	china	china:  xinjiang province:  shawan	44.107	85.641				14.65			3			1728	4							14.65	~$5 to $24 Million	3		1728
	2015	2	26	29	5.4	pakistan	pakistan:  battagram	34.658	73.302			5				1			2	1					5	1		Less than $1 Million	1		2
	2015	3	8	9	4.4	serbia and montenegro	balkans nw: serbia:  kosjeric	44.126	19.936							1			100	2								Less than $1 Million	1		100
	2015	3	14	10	4.7	china	china:  anhui province:  fuyang	33.179	115.798	2		13				2	155	3	10000	4	2	1			13	1		~$1 to $5 Million	2	155	10000
Tsu	2015	3	29	40	7.5	papua new guinea	papua new guinea	-4.76	152.556																			#N/A			
	2015	4	20	29	6.4	taiwan	taiwan:  taipei	24.194	122.327	1		1	1			1			1	1	1	1			1	1		Less than $1 Million	1		1
	2015	4	25	15	7.8	nepal	nepal:   kathmandu	28.147	84.708	8200	366	17866	10000			4	299588	4	269107	4	8200	4	366	3	17866	4	10000	$25 Million or more	4	299588	269107
Tsu	2015	5	2	33	5.7	japan	japan:  honshu:  s. of	31.594	140.167																			#N/A			
Tsu	2015	5	5	42	7.5	papua new guinea	papua new guinea	-5.465	151.886							1				1								Less than $1 Million	1		
	2015	5	12	15	7.3	nepal	nepal:   dolakha	27.837	86.077	117		2800				2		2			117	2			2800	4		~$1 to $5 Million	2		
	2015	5	30	678	7.8	japan	japan:  bonin islands [chichijima island]	27.831	140.493																			#N/A			
	2015	6	4	10	6	malaysia	malaysia:  sabah:  lahad,datu,kanak	5.987	116.541	18						1			23	1	18	1				2		Less than $1 Million	1		23
	2015	6	28	26	5.1	india	india:  kokrajhar	26.642	90.401			2								1					2	1		Less than $1 Million	1		
	2015	7	3	20	6.4	china	china:  s. xinjiang:  hotan	37.468	78.136	3		263				3	3000	4			3	1			263	3		~$5 to $24 Million	3	3000	
Tsu	2015	7	10	12	6.7	solomon islands	solomon islands	-9.303	158.396																			#N/A			
Tsu	2015	7	18	10	7	solomon islands	solomon islands	-10.444	165.172																			#N/A			
	2015	7	24	19	5.1	pakistan	pakistan:  abbottabad	33.884	73.225	3						1	3	1			3	1						Less than $1 Million	1	3	
Tsu	2015	7	27	29	6.9	usa	alaska	52.376	-169.446																			#N/A			
	2015	7	27	48	7	indonesia	indonesia:  papua	-2.683	138.508		1					1			5	1			1	1				Less than $1 Million	1		5
	2015	7	29	10	5.9	panama	colombia-panama:  colombia:  unguia	8.237	-77.298							1			41	1								Less than $1 Million	1		41
	2015	8	7	10	5.5	rwanda	rwanda:  bukavu	-2.102	28.93	3		30									3	1			30	1		#N/A			
Tsu	2015	9	16	22	8.3	chile	chile:  central	-31.573	-71.674	7	1	14	600			4	2305	4	10044	4	15	1	1	1	14	1	600	$25 Million or more	4	2305	10044
	2015	9	24	18	6.6	indonesia	indonesia:  sorong	-0.631	131.244			39				2			260	3					39	1		~$1 to $5 Million	2		260
	2015	10	17	14	5.8	argentina	argentina:  galpon	-25.42	-64.444	1		5				1			20	1	1	1			5	1		Less than $1 Million	1		20
	2015	10	26	213	7.5	afghanistan	afghanistan: hindu kush	36.441	70.717	300		1700				3	4000	4			300	3			1700	4		~$5 to $24 Million	3	4000	
	2015	11	7	14	5.3	venezuela	venezuela:  merida	8.477	-71.365	1						1	33	1	83	2	1	1						Less than $1 Million	1	33	83
Tsu	2015	11	11	10	6.9	chile	chile:  la serena	-29.439	-72.105																			#N/A			
Tsu	2015	11	13	12	6.7	japan	japan:  kyusyu island	30.991	128.877																			#N/A			
Tsu	2015	11	17	11	6.5	greece	greece:  lefkada, kefalonia, ithaca	38.755	20.552	2		4				2	1	1		2	2	1			4	1		~$1 to $5 Million	2	1	
	2015	11	24	612	7.6	peru	peru-brazil	-10.047	-71.023																			#N/A			
	2015	11	24	601	7.6	peru	peru-brazil	-10.548	-70.904																			#N/A			
	2015	12	7	26	7.2	tajikistan	tajikistan	38.258	72.767	2						3	500	3			2	1				3		~$5 to $24 Million	3	500	
	2015	12	25	203	6.3	afghanistan	afghanistan:  hindu kush:  nangarhar; pakistan	36.5	71.132	2		97				1		1		1	2	1			97	2		Less than $1 Million	1		
	2016	1	3	55	6.7	india	india:  impahl	24.834	93.656	13		100				1				2	13	1			100	2		Less than $1 Million	1		
	2016	1	16	46	5.5	indonesia	indonesia: maluku:  ambalau island	-3.863	127.229			8				1			120	3					8	1		Less than $1 Million	1		120
	2016	1	24	128	7.1	usa	alaska:  kenai	59.658	-153.452							1	4	1										Less than $1 Million	1	4	
	2016	1	25	10	6.3	morocco	morocco:  melilla	35.741	-3.597			15				1		1							15	1		Less than $1 Million	1		
	2016	2	5	23	6.4	taiwan	taiwan:  tainan	22.939	120.593	116		525				3					116	3			525	3		~$5 to $24 Million	3		
Tsu	2016	3	2	24	7.8	indonesia	indonesia: sumatra:	-4.908	94.275													1						#N/A			
	2016	4	10	212	6.6	afghanistan	afghanistan:  khyber pakhtunkhwa	36.472	71.131	6		5				1			20	1	6	1			5	1		Less than $1 Million	1		20
	2016	4	15	10	7	japan	japan:  kumamoto, oita	32.782	130.726	50		1500	4600			4	80000	4			50	1			1500	4	4600	$25 Million or more	4	80000	
	2016	4	16	21	7.8	ecuador	ecuador:  near west coast:  puerto lopez, salango	0.382	-79.922	662	9	6274					6998	4	2740	4	662	3	9	1	6274	4		#N/A		6998	2740
Tsu	2016	4	28	27	7	vanuatu	vanuatu islands	-16.074	167.393																			#N/A			
	2016	5	11	10	5.5	china	china:  tibet (xizang province)	32.038	94.987			60				1		1							60	2		Less than $1 Million	1		
	2016	5	18	31	6.8	ecuador	ecuador:  manabi province	0.465	-79.641	1		162				1		1	32	1	1	1			162	3		Less than $1 Million	1		32
	2016	6	7	38	6.3	indonesia	indonesia:  maluku:  ternate island	1.295	126.355							1				3								Less than $1 Million	1		
	2016	7	1	10	5.4	tajikistan	tajikistan:  rasht	38.883	70.626							1			31	1								Less than $1 Million	1	31	
	2016	7	29	212	7.7	usa territory	northern mariana islands	18.515	145.529																			#N/A			
	2016	7	31	10	5.9	indonesia	indonesia:  sumbawa island:  west nusa tenggara	-8.218	117.816			4				2			700	3					4	1		~$1 to $5 Million	2		700
Tsu	2016	8	12	10	7.2	new caledonia	new caledonia:  loyalty islands	-22.495	173.111																			#N/A			
	2016	8	15	10	5.4	peru	peru:  arequipa	-15.613	-71.671	4		67				1	689	3	1291	3	4	1			67	2		Less than $1 Million	1	689	1291
Tsu	2016	8	19	10	7.4	south georgia and the south sandwich islands	south sandwich islands	-55.279	-31.874																			#N/A			
	2016	8	24	10	6.2	italy	italy:  accumoli, arquata, amatrice	42.714	13.172	299	15	368				3		3		2	299	3	15	1	368	3		~$5 to $24 Million	3		
	2016	8	24	84	6.8	myanmar (burma)	myanmar (burma): chauk	20.919	94.579	3		20				2			200	3	3	1			20	1		~$1 to $5 Million	2		200
Tsu	2016	9	1	19	7.1	new zealand	new zealand:  gisborne	-37.401	179.055																			#N/A			
	2016	9	10	40	5.9	tanzania	tanzania:  lake victoria	-1.03	31.56	19		252				3	1044	4	6281	4	19	1			252	3		~$5 to $24 Million	3	1044	6281
	2016	9	11	10	5.3	macedonia	balkans nw:  macedonia	42.012	21.481			30				1				1					30	1		Less than $1 Million	1		
	2016	9	12	10	4.6	south korea	south korea:  gyeongju	35.769	129.227	1		14				1			106	3	1	1			14	1		Less than $1 Million	1		106
	2016	9	23	10	4.8	rwanda	rwanda:  risuzi; congo:  ukavu	-2.65	29.06	3		25				1		1			3	1			25	1		Less than $1 Million	1		
	2016	10	1	10	5.4	pakistan	pakistan:  mansehra, naran	34.905	73.682	1						1		2			1	1				2		Less than $1 Million	1		
	2016	10	21	10	6.2	japan	japan:  kurayoshi	35.374	133.809			7				1	2	1	160	3					7	1		Less than $1 Million	1	2	160
	2016	10	26	10	6.6	italy	italy:  visso, ussita	42.934	13.043	1						1			1001	4	1	1				1		Less than $1 Million	1		1001
	2016	10	30	10	6.6	italy	italy: norcia	42.855	13.088			12				1		1		1					12	1		Less than $1 Million	1		
	2016	11	7	5	5	usa	oklahoma:  cushing	35.984	-96.798							1			50	1						1		Less than $1 Million	1		50
Tsu	2016	11	13	53	7.8	new zealand	new zealand:  amberley	-42.757	173.077	2						2				1	2	1						~$1 to $5 Million	2	1	
Tsu	2016	11	21	11	6.9	japan	japan: near e coast honshu	37.392	141.403							1										1		Less than $1 Million	1		
Tsu	2016	11	24	10	7	nicaragua	nicaragua	11.96	-88.835																			#N/A			
	2016	11	27	10	5.4	nepal	nepal:   mount ama dablam, charikharka	27.806	86.532	1		1				1	2	1			1	1			1	1		Less than $1 Million	1	2	
	2016	11	29	5		poland	poland:  rudna	51.613	16.157	8		9				1					8	1			9	1		Less than $1 Million	1		
	2016	12	1	10	6.2	peru	peru:  puno, lampa	-15.294	-70.823	1		17				1	8	1	40	1	1	1			17	1		Less than $1 Million	1	8	40
	2016	12	6	8	6.5	indonesia	indonesia:  sumatra:  aceh:  pidie jaya	5.281	96.108	101		600				3	245	3	11922	4	101	3			857	3		~$5 to $24 Million	3	245	11922
	2016	12	8	41	7.8	solomon islands	solomon islands	-10.665	161.335	1						1	191	3	126	3	1	1						Less than $1 Million	1	191	126
Tsu	2016	12	9	21	6.9	solomon islands	solomon islands	-10.73	161.107																			#N/A			
Tsu	2016	12	17	103	7.9	papua new guinea	papua new guinea:  new britain new ireland	-4.509	153.45																			#N/A			
	2016	12	19	10	5.4	ecuador	ecuador:  esmeraldas	0.816	-79.74	3						1	10	1	65	1	3	1			15	1		Less than $1 Million	1	10	65
Tsu	2016	12	25	35	7.6	chile	chile	-43.416	-73.88							1												Less than $1 Million	1		
	2017	1	3	32	5.7	india	india:  ambasa	24.015	92.018	2		3				1				2	2	1			3	1		Less than $1 Million	1		
Tsu	2017	1	3	17	6.9	fiji	fiji islands	-19.326	176.053																			#N/A			
	2017	1	6	10	5	iran	iran:  khonj	28.2	53.107	4		4				1					4	1			4	1		Less than $1 Million	1		
	2017	1	18	7	5.7	italy	italy:  farindola	42.601	13.227	29						1		1			29	1						Less than $1 Million	1		
Tsu	2017	1	22	136	7.9	papua new guinea	papua new guinea:  bougainville island	-6.214	155.122							1												Less than $1 Million	1		
	2017	2	7	26	6.3	pakistan	pakistan:  pasni	25.216	63.272							1				1								Less than $1 Million	1		
	2017	2	10	15	6.5	philippines	philippines: surigao del norte	9.911	125.461	8		202				2	215	3	3042	4	8	1			202	3		~$1 to $5 Million	2	215	3042
	2017	3	13	10	5.1	myanmar (burma)	myanmar (burma):  tharrawaddy	17.415	95.999	2		36				1		1		1	2	1			36	1		Less than $1 Million	1		
	2017	4	5	13	6.1	iran	iran:  sefid sang	35.8	60.436	2		11				1				1	2	1			11	1		Less than $1 Million	1		
	2017	4	8	43	5.9	philippines	philippines: batangas, calabarzon	13.725	120.929			6				2	506	3	2108	4					6	1		~$1 to $5 Million	2	506	2108
	2017	4	10	10	4.8	el salvador	el salvador: san salvador,soyapango	13.753	-89.16	1		3				1					1	1			3	1		Less than $1 Million	1		
Tsu	2017	4	24	25	6.9	chile	chile:  valparaiso	-33.073	-72.051																						
