"","X.2","id","date","country.rf","hazard_type","hazard_subtype","trigger","trigger_name","fatalities","injuries","source_name","source_link","location_description","location_accuracy","hazard_size","distance","population.dis","countrycode.rf","continentcode","tstamp","latitude.dis","longitude.dis","magnitude","tsunami_ind","damage_range","houses_damaged","city_name","latitude.cit","longitude.cit","feature_class","feature_code","population.cit","elevation","average_elevation","timezone","X.rf","X.1","distance_between","X.br","mean.value.","country.br","rainfall_mm","countrycode.br"
"1",3,3,2007-01-05,"Brazil","landslide","Landslide","Rain","",7,NA,"Deutsche Presse-Agentur - MonstersandCritics","http://news.monstersandcritics.com/americas/news/article_1240141.php/Rain_leaves_at_least_20_people_dead_in_Brazil","",25,"Large",0.63016,153361,"BR","SA","Tue Apr 01 2014 00:00:00 GMT+0000 (UTC)",-22.28234635,-42.53636205,NA,NA,NA,NA,"Nova Friburgo",-22.28194,-42.53111,"P","PPLA2",153361,NA,858,"America/Sao_Paulo",NA,NA,32.1584559462726,NA,NA,NA,NA,NA
"2",2014,4,2007-01-05,"Brazil","landslide","Landslide","Rain","",2,NA,"Deutsche Presse-Agentur - MonstersandCritics","http://news.monstersandcritics.com/americas/news/article_1240141.php/Rain_leaves_at_least_20_people_dead_in_Brazil","",10,"Medium",14.05144,11555,"BR","SA","Tue Apr 01 2014 00:00:00 GMT+0000 (UTC)",-22.0452,-42.6734,NA,NA,NA,NA,"Pirenopolis",-15.85072,-48.96087,"P","PPL",13615,NA,751,"America/Sao_Paulo",NA,NA,565.793607862519,NA,NA,NA,NA,NA
"3",4025,5,2007-01-05,"Brazil","landslide","Landslide","Rain","",1,NA,"Deutsche Presse-Agentur - MonstersandCritics","http://news.monstersandcritics.com/americas/news/article_1240141.php/Rain_leaves_at_least_20_people_dead_in_Brazil","",50,"Medium",10.07582,54415,"BR","SA","Tue Apr 01 2014 00:00:00 GMT+0000 (UTC)",-23.2311,-46.6136,NA,NA,NA,NA,"Wenceslau Braz",-23.87389,-49.80278,"P","PPL",15726,NA,834,"America/Sao_Paulo",NA,NA,153.82345473103,NA,NA,NA,NA,NA
"4",522671,329,2007-10-28,"Brazil","landslide","Landslide","Rain","",3,NA,"People's Daily Online","http://english.people.com.cn/90001/90782/6293996.html","",10,"Medium",1.60229,105880,"BR","SA","Tue Apr 01 2014 00:00:00 GMT+0000 (UTC)",-22.8287,-45.2007,NA,NA,NA,NA,"Guaratingueta",-22.81639,-45.1925,"P","PPL",105880,NA,545,"America/Sao_Paulo",NA,NA,85.9649935122861,NA,NA,NA,NA,NA
"5",613296,442,2008-02-03,"Brazil","landslide","Landslide","Rain","",9,NA,"","http://www.earthtimes.org/articles/show/182388,brazilian-landslides-kill-at-least-nine.html","",10,"Medium",15.11002,272691,"BR","SA","Tue Apr 01 2014 00:00:00 GMT+0000 (UTC)",-22.3758,-43.1314,NA,NA,NA,NA,"Duartina",-22.41444,-49.40389,"P","PPL",11902,NA,515,"America/Sao_Paulo",NA,NA,254.02212303409,NA,NA,NA,NA,NA
"6",1369770,903,2008-11-24,"Brazil","landslide","Landslide","Continuous_rain","",109,NA,"","http://abcnews.go.com/International/wireStory?id=6329708","",10,"Very_large",1.77619,47781,"BR","SA","Fri Sep 12 2014 21:21:59 GMT+0000 (UTC)",-26.8833,-48.65,NA,NA,NA,NA,"Navegantes",-26.89889,-48.65417,"P","PPL",47781,NA,7,"America/Sao_Paulo",NA,NA,99.4471328398905,NA,NA,NA,NA,NA
"7",1381339,933,2008-12-16,"Brazil","landslide","Mudslide","Downpour","",7,NA,"","http://www.foxnews.com/story/0,2933,468224,00.html","",50,"Medium",0.65511,2373224,"BR","SA","Tue Apr 01 2014 00:00:00 GMT+0000 (UTC)",-19.9167,-43.9333,NA,NA,NA,NA,"Belo Horizonte",-19.92083,-43.93778,"P","PPLA",2373224,888,872,"America/Sao_Paulo",NA,NA,29.6760152205836,NA,NA,NA,NA,NA
"8",1388739,1019,2009-05-06,"Brazil","landslide","Mudslide","Rain","",19,NA,"","http://en.wikipedia.org/wiki/2009_Brazilian_floods_and_mudslides#cite_note-186k_homeless_from_flood-0","",NA,"Medium",1.01848,70888,"BR","SA","Mon Sep 15 2014 15:55:57 GMT+0000 (UTC)",-3.1946,-52.2093,NA,NA,NA,NA,"Altamira",-3.20333,-52.20639,"P","PPL",70888,NA,101,"America/Santarem",NA,NA,58.6177367152684,NA,NA,NA,NA,NA
"9",1390750,1020,2009-05-06,"Brazil","landslide","Mudslide","Rain","",3,NA,"","http://www.3news.co.nz/Heavy-rains-leave-186K-homeless-in-northern-Brazil/tabid/417/articleID/102883/cat/782/Default.aspx","",NA,"Medium",61.75306,48901,"BR","SA","Thu Sep 11 2014 20:29:24 GMT+0000 (UTC)",-5.0804,-45.601,NA,NA,NA,NA,"Valente",-11.41222,-39.46194,"P","PPL",12588,NA,357,"America/Bahia",NA,NA,467.578160035588,NA,NA,NA,NA,NA
"10",1533541,1142,2009-09-08,"Brazil","landslide","Complex","Downpour","",4,NA,"","http://news.bbc.co.uk/2/hi/8245351.stm","",5,"Medium",36.88261,10889,"BR","SA","Tue Apr 01 2014 00:00:00 GMT+0000 (UTC)",-26.5833,-53.5833,NA,NA,NA,NA,"Breves",-1.68222,-50.48028,"P","PPL",46473,NA,7,"America/Belem",NA,NA,62.9171064518043,NA,NA,NA,NA,NA
"11",1535552,1143,2009-09-08,"Brazil","landslide","Mudslide","Downpour","",2,NA,"","http://www.google.com/hostednews/ap/article/ALeqM5h61-3gp8PfCUXW5fQWj9v2TVha5QD9AJD1F00","Urban_area",50,"Medium",0.32967,10021295,"BR","SA","Tue Apr 01 2014 00:00:00 GMT+0000 (UTC)",-23.6419326,-46.4273239,NA,NA,NA,NA,"Portelandia",-17.35361,-52.67861,"P","PPL",4120,848,857,"America/Sao_Paulo",NA,NA,36.3042803747699,NA,NA,NA,NA,NA
"12",1537837,1148,2009-09-09,"Brazil","landslide","Landslide","Downpour","",NA,NA,"","http://redskynews.com/?p=1087","",NA,"Medium",13.70623,44359,"BR","SA","Tue Apr 01 2014 00:00:00 GMT+0000 (UTC)",-26.9286,-49.3653,NA,NA,NA,NA,"Rodeio",-26.92278,-49.36639,"P","PPLA2",0,NA,209,"America/Sao_Paulo",NA,NA,37.1107697232269,NA,NA,NA,NA,NA
"13",1575823,1253,2009-10-10,"Brazil","landslide","Mudslide","Downpour","",4,NA,"","http://www.google.com/hostednews/canadianpress/article/ALeqM5i_9K67GZ_GVEqJIbmpkSt5BjlL7g","",10,"Medium",1.68893,272691,"BR","SA","Tue Apr 01 2014 00:00:00 GMT+0000 (UTC)",-22.4912,-43.1856,NA,NA,NA,NA,"Petropolis",-22.505,-43.17861,"P","PPL",272691,NA,819,"America/Sao_Paulo",NA,NA,96.1538657067528,NA,NA,NA,NA,NA
"14",1580376,1300,2009-11-16,"Brazil","landslide","Mudslide","Downpour","",3,NA,"","http://www.laht.com/article.asp?ArticleId=347468&CategoryId=14090","",25,"Medium",11.27085,6023699,"BR","SA","Tue Apr 01 2014 00:00:00 GMT+0000 (UTC)",-23,-43.24,NA,NA,NA,NA,"Bernardino de Campos",-23.01306,-49.47417,"P","PPL",9342,NA,698,"America/Sao_Paulo",NA,NA,184.470658826583,NA,NA,NA,NA,NA
"15",1585250,1348,2009-12-04,"Brazil","landslide","Mudslide","Downpour","",8,NA,"","http://www.google.com/hostednews/canadianpress/article/ALeqM5iJB3mW_LxHMa8LuX_ohGJzY_6-Sg","",NA,"Medium",43.60693,249219,"BR","SA","Tue Apr 01 2014 00:00:00 GMT+0000 (UTC)",-29.5345,-53.3906,NA,NA,NA,NA,"Borba",-4.39143,-59.58864,"P","PPL",11918,NA,30,"America/Manaus",NA,NA,180.805373654061,NA,NA,NA,NA,NA
"16",1587261,1349,2009-12-04,"Brazil","landslide","Mudslide","Downpour","",6,NA,"Townhall","http://townhall.com/news/world/2009/12/04/brazil_20_deaths,_thousands_homeless_in_rains","Urban_area",50,"Medium",0.3153,10021295,"BR","SA","Tue Apr 01 2014 00:00:00 GMT+0000 (UTC)",-23.42446618,-46.71737124,NA,NA,NA,NA,"Siqueira Campos",-23.68889,-49.83389,"P","PPL",13866,NA,622,"America/Sao_Paulo",NA,NA,70.3311133846542,NA,NA,NA,NA,NA
"17",1590319,1376,2009-12-31,"Brazil","landslide","Mudslide","Downpour","",13,NA,"","http://news.bbc.co.uk/2/hi/americas/8436388.stm","",5,"Medium",1.46658,6023699,"BR","SA","Tue Apr 01 2014 00:00:00 GMT+0000 (UTC)",-22.9158,-43.2049,NA,NA,NA,NA,"Rio de Janeiro",-22.90278,-43.2075,"P","PPLA",6023699,NA,5,"America/Sao_Paulo",NA,NA,83.5581224735569,NA,NA,NA,NA,NA
"18",1592330,1377,2009-12-31,"Brazil","landslide","Mudslide","Downpour","",5,NA,"","http://news.bbc.co.uk/2/hi/americas/8436388.stm","",1,"Medium",15.45144,454849,"BR","SA","Tue Apr 01 2014 00:00:00 GMT+0000 (UTC)",-22.9428,-43.3581,NA,NA,NA,NA,"Santa Cruz do Rio Pardo",-22.89889,-49.6325,"P","PPL",37336,NA,472,"America/Sao_Paulo",NA,NA,281.744265856526,NA,NA,NA,NA,NA
"19",1597872,1381,2010-01-01,"Brazil","landslide","Landslide","Downpour","",35,NA,"","http://www.rte.ie/news/2010/0101/brazil.html","",10,"Very_large",13.29411,153635,"BR","SA","Tue Apr 01 2014 00:00:00 GMT+0000 (UTC)",-23.1077,-44.248,NA,NA,NA,NA,"Ipora",-24.00306,-53.70417,"P","PPL",10353,NA,377,"America/Sao_Paulo",NA,NA,120.376300582239,1,2444.53846153846,"BR",2444.53846153846,"BR"
"20",1599883,1382,2010-01-01,"Brazil","landslide","Mudslide","Downpour","",22,NA,"","","",25,"Large",2.5888,153635,"BR","SA","Tue Apr 01 2014 00:00:00 GMT+0000 (UTC)",-23.0233,-44.3358,NA,NA,NA,NA,"Angra dos Reis",-23.00667,-44.31806,"P","PPLA2",153635,NA,8,"America/Sao_Paulo",NA,NA,121.160413071266,1,2444.53846153846,"BR",2444.53846153846,"BR"
"21",1601894,1383,2010-01-01,"Brazil","landslide","Landslide","Downpour","",12,NA,"","http://news.bbc.co.uk/2/hi/8437408.stm","",1,"Large",0.52706,153635,"BR","SA","Tue Apr 01 2014 00:00:00 GMT+0000 (UTC)",-23.0085,-44.3228,NA,NA,NA,NA,"Angra dos Reis",-23.00667,-44.31806,"P","PPLA2",153635,NA,8,"America/Sao_Paulo",NA,NA,19.7136492407452,1,2444.53846153846,"BR",2444.53846153846,"BR"
"22",1606149,1428,2010-01-21,"Brazil","landslide","Landslide","Downpour","",5,NA,"Herald Sun","http://www.heraldsun.com.au/news/breaking-news/five-dead-in-brazil-storm/story-e6frf7jx-1225822359351","Urban_area",25,"Medium",0.3153,10021295,"BR","SA","Tue Apr 01 2014 00:00:00 GMT+0000 (UTC)",-23.54612792,-46.6288398,NA,NA,NA,NA,"Sao Paulo",-23.5475,-46.63611,"P","PPLA",10021295,NA,769,"America/Sao_Paulo",NA,NA,8.769511453546,NA,NA,NA,NA,NA
"23",1608160,1429,2010-01-21,"Brazil","landslide","Landslide","Downpour","",2,NA,"","http://www.laht.com/article.asp?ArticleId=350899&CategoryId=14090","",5,"Medium",0.39434,111888,"BR","SA","Tue Apr 01 2014 00:00:00 GMT+0000 (UTC)",-23.7141,-46.4137,NA,NA,NA,NA,"Ribeirao Pires",-23.71056,-46.41333,"P","PPL",111888,NA,760,"America/Sao_Paulo",NA,NA,22.5561045511981,NA,NA,NA,NA,NA
"24",1610171,1430,2010-01-21,"Brazil","landslide","Landslide","Downpour","",2,NA,"","http://www.laht.com/article.asp?ArticleId=350899&CategoryId=14090","",5,"Medium",0.05651,386069,"BR","SA","Tue Apr 01 2014 00:00:00 GMT+0000 (UTC)",-23.6682,-46.4617,NA,NA,NA,NA,"Maua",-23.66778,-46.46139,"P","PPLA2",386069,NA,773,"America/Sao_Paulo",NA,NA,2.68397345102557,NA,NA,NA,NA,NA
"25",1613188,1458,2010-01-28,"Brazil","landslide","Mudslide","Downpour","",3,NA,"","http://english.cri.cn/6966/2010/01/30/2321s546645.htm","",5,"Medium",0.26655,171790,"BR","SA","Tue Apr 01 2014 00:00:00 GMT+0000 (UTC)",-23.2801,-46.7433,NA,NA,NA,NA,"Francisco Morato",-23.28167,-46.74528,"P","PPL",171790,NA,803,"America/Sao_Paulo",NA,NA,10.5967927433236,NA,NA,NA,NA,NA
"26",1651862,1617,2010-04-05,"Brazil","landslide","Landslide","Downpour","",0,NA,"","","",1,"Medium",2.64466,456456,"BR","SA","Tue Apr 01 2014 00:00:00 GMT+0000 (UTC)",-22.9019,-43.0874,NA,NA,NA,NA,"Japoata",-10.34667,-36.80111,"P","PPL",4207,NA,88,"America/Maceio",NA,NA,71.9908916471006,NA,NA,NA,NA,NA
"27",1653876,1621,2010-04-06,"Brazil","landslide","Complex","Downpour","",63,NA,"","http://www.cnn.com/2010/WORLD/americas/04/12/brazil.flooding.mudslides/","",50,"Very_large",0.22982,6023699,"BR","SA","Tue Apr 01 2014 00:00:00 GMT+0000 (UTC)",-22.9035,-43.2096,NA,NA,NA,NA,"Rio de Janeiro",-22.90278,-43.2075,"P","PPLA",6023699,NA,5,"America/Sao_Paulo",NA,NA,9.38737910796645,NA,NA,NA,NA,NA
"28",1655887,1622,2010-04-06,"Brazil","landslide","Mudslide","Downpour","",25,NA,"","http://www.guardian.co.uk/world/2010/apr/11/rio-brazil-slum-forced-evictions","",1,"Large",3.14756,6023699,"BR","SA","Tue Apr 01 2014 00:00:00 GMT+0000 (UTC)",-22.9312,-43.2075,NA,NA,NA,NA,"Trindade",-16.64944,-49.48889,"P","PPL",97521,NA,768,"America/Sao_Paulo",NA,NA,11.3079749235458,NA,NA,NA,NA,NA
"29",1657898,1623,2010-04-06,"Brazil","landslide","Mudslide","Downpour","",2,NA,"","http://news.google.com/news/url?sa=t&ct2=us%2F0_0_s_0_0_t&ct3=MAA4AEgAUABqAnVz&usg=AFQjCNGqL6DeBIZeNtQwqcY3vqPT_l8x1A&sig2=C-LH5rOQ18Sj4psoIgVKxg&cid=17593737277262&ei=3pvHS7CfGt3SlQfN4-uhAw&rt=SEARCH&vm=STANDARD&url=http%3A%2F%2Fwww.guardian.co.u","",5,"Medium",10.98155,6023699,"BR","SA","Tue Apr 01 2014 00:00:00 GMT+0000 (UTC)",-22.9928,-43.2524,NA,NA,NA,NA,"Bernardino de Campos",-23.01306,-49.47417,"P","PPL",9342,NA,698,"America/Sao_Paulo",NA,NA,244.336645283465,NA,NA,NA,NA,NA
"30",1659909,1624,2010-04-06,"Brazil","landslide","Mudslide","Downpour","",16,NA,"","http://www.cnn.com/2010/WORLD/americas/04/12/brazil.flooding.mudslides/","",1,"Large",0.05522,0,"BR","SA","Tue Apr 01 2014 00:00:00 GMT+0000 (UTC)",-22.8271,-43.0544,NA,NA,NA,NA,"Sao Goncalo",-22.82694,-43.05389,"P","PPLA2",0,NA,21,"America/Sao_Paulo",NA,NA,2.4053726074611,NA,NA,NA,NA,NA
"31",1661920,1625,2010-04-06,"Brazil","landslide","Mudslide","Downpour","",1,NA,"","","",10,"Medium",0.38214,272691,"BR","SA","Tue Apr 01 2014 00:00:00 GMT+0000 (UTC)",-22.5046,-43.1823,NA,NA,NA,NA,"Petropolis",-22.505,-43.17861,"P","PPL",272691,NA,819,"America/Sao_Paulo",NA,NA,20.6332766200632,NA,NA,NA,NA,NA
"32",1663931,1626,2010-04-06,"Brazil","landslide","Mudslide","Downpour","",1,NA,"","","",1,"Medium",0.61159,36098,"BR","SA","Tue Apr 01 2014 00:00:00 GMT+0000 (UTC)",-22.6053,-43.7034,NA,NA,NA,NA,"Paracambi",-22.60829,-43.7084,"P","PPL",36098,NA,51,"America/Sao_Paulo",NA,NA,32.2367527535079,NA,NA,NA,NA,NA
"33",1665942,1627,2010-04-06,"Brazil","landslide","Mudslide","Downpour","",1,NA,"","","",15,"Medium",14.50668,31202,"BR","SA","Tue Apr 01 2014 00:00:00 GMT+0000 (UTC)",-22.6567,-43.0398,NA,NA,NA,NA,"Igreja Nova",-10.12528,-36.66194,"P","PPL",4605,NA,34,"America/Maceio",NA,NA,518.019017558766,NA,NA,NA,NA,NA
"34",1667953,1628,2010-04-06,"Brazil","landslide","Mudslide","Downpour","",1,NA,"","http://www.dominicacentral.com/general/community/heavy-overnight-rains-cause-landslides-across-island.html","",5,"Medium",0.14756,147281,"BR","SA","Tue Apr 01 2014 00:00:00 GMT+0000 (UTC)",-22.8086,-43.4147,NA,NA,NA,NA,"Nilopolis",-22.8075,-43.41389,"P","PPL",147281,NA,27,"America/Sao_Paulo",NA,NA,7.84796071339362,NA,NA,NA,NA,NA
"35",1669964,1629,2010-04-06,"Brazil","landslide","Landslide","Downpour","",0,NA,"","http://www.dominicacentral.com/general/community/heavy-overnight-rains-cause-landslides-across-island.html","",5,"Medium",5.2411,6023699,"BR","SA","Tue Apr 01 2014 00:00:00 GMT+0000 (UTC)",-22.9376,-43.2421,NA,NA,NA,NA,"Trindade",-16.64944,-49.48889,"P","PPL",97521,NA,768,"America/Sao_Paulo",NA,NA,139.65155813465,NA,NA,NA,NA,NA
"36",1671975,1630,2010-04-06,"Brazil","landslide","Landslide","Downpour","",0,NA,"","http://www.dominicacentral.com/general/community/heavy-overnight-rains-cause-landslides-across-island.html","",5,"Medium",9.90639,147281,"BR","SA","Tue Apr 01 2014 00:00:00 GMT+0000 (UTC)",-22.8961,-43.4272,NA,NA,NA,NA,"Independencia",-5.39639,-40.30861,"P","PPL",11113,NA,341,"America/Fortaleza",NA,NA,147.525100268059,NA,NA,NA,NA,NA
"37",1673986,1631,2010-04-06,"Brazil","landslide","Landslide","Downpour","",0,NA,"","http://www.dominicacentral.com/general/community/heavy-overnight-rains-cause-landslides-across-island.html","",10,"Medium",24.33967,147281,"BR","SA","Tue Apr 01 2014 00:00:00 GMT+0000 (UTC)",-23.0189,-43.4788,NA,NA,NA,NA,"Mongagua",-24.09306,-46.62083,"P","PPLA2",45930,NA,8,"America/Sao_Paulo",NA,NA,76.0181468584066,NA,NA,NA,NA,NA
"38",1675997,1632,2010-04-06,"Brazil","landslide","Landslide","Downpour","",0,NA,"","http://news.bbc.co.uk/2/hi/americas/8619624.stm","",5,"Medium",4.85698,6023699,"BR","SA","Tue Apr 01 2014 00:00:00 GMT+0000 (UTC)",-22.9458,-43.2167,NA,NA,NA,NA,"Trindade",-16.64944,-49.48889,"P","PPL",97521,NA,768,"America/Sao_Paulo",NA,NA,93.3511047637244,NA,NA,NA,NA,NA
"39",1678008,1633,2010-04-06,"Brazil","landslide","Mudslide","Downpour","",0,NA,"","","",1,"Medium",3.27331,6023699,"BR","SA","Tue Apr 01 2014 00:00:00 GMT+0000 (UTC)",-22.9033,-43.2394,NA,NA,NA,NA,"Rio de Janeiro",-22.90278,-43.2075,"P","PPLA",6023699,NA,5,"America/Sao_Paulo",NA,NA,124.471634225731,NA,NA,NA,NA,NA
"40",1680019,1634,2010-04-06,"Brazil","landslide","Landslide","Downpour","",10,NA,"","","",5,"Medium",5.15348,6023699,"BR","SA","Tue Apr 01 2014 00:00:00 GMT+0000 (UTC)",-22.9493,-43.2063,NA,NA,NA,NA,"Trindade",-16.64944,-49.48889,"P","PPL",97521,NA,768,"America/Sao_Paulo",NA,NA,106.257381107215,NA,NA,NA,NA,NA
"41",1682030,1635,2010-04-06,"Brazil","landslide","Landslide","Downpour","",0,NA,"","","",1,"Medium",4.16197,456456,"BR","SA","Tue Apr 01 2014 00:00:00 GMT+0000 (UTC)",-22.8852,-43.0631,NA,NA,NA,NA,"Niteroi",-22.88333,-43.10361,"P","PPL",456456,NA,44,"America/Sao_Paulo",NA,NA,162.249802442886,NA,NA,NA,NA,NA
"42",1684041,1636,2010-04-06,"Brazil","landslide","Landslide","Downpour","",0,NA,"Unknown","","Unknown",5,"Small",2.81832,456456,"BR","SA","Tue Apr 01 2014 00:00:00 GMT+0000 (UTC)",-22.91017122,-43.09175971,NA,NA,NA,NA,"Japoata",-10.34667,-36.80111,"P","PPL",4207,NA,88,"America/Maceio",NA,NA,34.1059661377693,NA,NA,NA,NA,NA
"43",1686052,1637,2010-04-06,"Brazil","landslide","Landslide","Downpour","",0,NA,"","","",1,"Medium",3.26492,0,"BR","SA","Tue Apr 01 2014 00:00:00 GMT+0000 (UTC)",-22.8279,-43.0221,NA,NA,NA,NA,"Sao Goncalo",-22.82694,-43.05389,"P","PPLA2",0,NA,21,"America/Sao_Paulo",NA,NA,135.87990819043,NA,NA,NA,NA,NA
"44",1688063,1638,2010-04-06,"Brazil","landslide","Landslide","Downpour","",0,NA,"","","",1,"Medium",2.68365,456456,"BR","SA","Tue Apr 01 2014 00:00:00 GMT+0000 (UTC)",-22.8999,-43.1227,NA,NA,NA,NA,"Niteroi",-22.88333,-43.10361,"P","PPL",456456,NA,44,"America/Sao_Paulo",NA,NA,129.817285024241,NA,NA,NA,NA,NA
"45",1690074,1639,2010-04-06,"Brazil","landslide","Landslide","Downpour","",0,NA,"","","",1,"Medium",25.74342,147281,"BR","SA","Tue Apr 01 2014 00:00:00 GMT+0000 (UTC)",-23.0291,-43.4897,NA,NA,NA,NA,"Mongagua",-24.09306,-46.62083,"P","PPLA2",45930,NA,8,"America/Sao_Paulo",NA,NA,35.5619959001534,NA,NA,NA,NA,NA
"46",1692085,1640,2010-04-06,"Brazil","landslide","Landslide","Downpour","",0,NA,"","","",1,"Medium",13.07783,0,"BR","SA","Tue Apr 01 2014 00:00:00 GMT+0000 (UTC)",-22.9012,-42.9548,NA,NA,NA,NA,"Neopolis",-10.32,-36.57944,"P","PPL",12421,NA,49,"America/Maceio",NA,NA,375.794517350991,NA,NA,NA,NA,NA
"47",1694096,1641,2010-04-06,"Brazil","landslide","Landslide","Downpour","",0,NA,"","","",1,"Medium",4.51694,456456,"BR","SA","Tue Apr 01 2014 00:00:00 GMT+0000 (UTC)",-22.9214,-43.0878,NA,NA,NA,NA,"Japoata",-10.34667,-36.80111,"P","PPL",4207,NA,88,"America/Maceio",NA,NA,54.9220953122815,NA,NA,NA,NA,NA
"48",1696107,1642,2010-04-06,"Brazil","landslide","Landslide","Downpour","",0,NA,"","","",5,"Medium",2.79163,12620,"BR","SA","Tue Apr 01 2014 00:00:00 GMT+0000 (UTC)",-22.7474,-44.1285,NA,NA,NA,NA,"Candido Mota",-22.74639,-50.38694,"P","PPL",28144,NA,483,"America/Sao_Paulo",NA,NA,114.911956419016,NA,NA,NA,NA,NA
"49",1698118,1643,2010-04-06,"Brazil","landslide","Landslide","Downpour","",0,NA,"","http://kezi.com/page/169023","",1,"Medium",10.78103,6023699,"BR","SA","Tue Apr 01 2014 00:00:00 GMT+0000 (UTC)",-22.808,-43.1835,NA,NA,NA,NA,"Goianira",-16.49611,-49.42639,"P","PPL",22822,NA,760,"America/Sao_Paulo",NA,NA,255.45819855255,NA,NA,NA,NA,NA
"50",1700129,1644,2010-04-06,"Brazil","landslide","Landslide","Downpour","",0,NA,"","","",1,"Medium",11.0303,6023699,"BR","SA","Tue Apr 01 2014 00:00:00 GMT+0000 (UTC)",-22.9925,-43.2542,NA,NA,NA,NA,"Bernardino de Campos",-23.01306,-49.47417,"P","PPL",9342,NA,698,"America/Sao_Paulo",NA,NA,250.555701854574,NA,NA,NA,NA,NA
"51",1702140,1645,2010-04-06,"Brazil","landslide","Landslide","Downpour","",0,NA,"","","",NA,"Medium",5.85003,6023699,"BR","SA","Tue Apr 01 2014 00:00:00 GMT+0000 (UTC)",-22.9553,-43.2014,NA,NA,NA,NA,"Trindade",-16.64944,-49.48889,"P","PPL",97521,NA,768,"America/Sao_Paulo",NA,NA,145.331488350071,NA,NA,NA,NA,NA
"52",1704151,1646,2010-04-06,"Brazil","landslide","Landslide","Downpour","",0,NA,"","","",NA,"Medium",4.41006,456456,"BR","SA","Tue Apr 01 2014 00:00:00 GMT+0000 (UTC)",-22.9111,-43.0728,NA,NA,NA,NA,"Japoata",-10.34667,-36.80111,"P","PPL",4207,NA,88,"America/Maceio",NA,NA,46.0066943523052,NA,NA,NA,NA,NA
"53",1706162,1647,2010-04-06,"Brazil","landslide","Landslide","Downpour","",0,NA,"","","",1,"Medium",9.33158,6023699,"BR","SA","Tue Apr 01 2014 00:00:00 GMT+0000 (UTC)",-22.8222,-43.1809,NA,NA,NA,NA,"Goianira",-16.49611,-49.42639,"P","PPL",22822,NA,760,"America/Sao_Paulo",NA,NA,319.594261258922,NA,NA,NA,NA,NA
"54",1708173,1648,2010-04-06,"Brazil","landslide","Landslide","Downpour","",0,NA,"","","",1,"Medium",4.08889,6023699,"BR","SA","Tue Apr 01 2014 00:00:00 GMT+0000 (UTC)",-22.9397,-43.2076,NA,NA,NA,NA,"Trindade",-16.64944,-49.48889,"P","PPL",97521,NA,768,"America/Sao_Paulo",NA,NA,45.6243927857262,NA,NA,NA,NA,NA
"55",1710184,1649,2010-04-06,"Brazil","landslide","Landslide","Downpour","",0,NA,"Unknown","","Unknown",1,"Medium",2.81832,456456,"BR","SA","Tue Apr 01 2014 00:00:00 GMT+0000 (UTC)",-22.91010027,-43.09416702,NA,NA,NA,NA,"Japoata",-10.34667,-36.80111,"P","PPL",4207,NA,88,"America/Maceio",NA,NA,42.4386213514952,NA,NA,NA,NA,NA
"56",1712195,1650,2010-04-06,"Brazil","landslide","Landslide","Downpour","",0,NA,"","","",1,"Small",3.4451,456456,"BR","SA","Tue Apr 01 2014 00:00:00 GMT+0000 (UTC)",-22.9066,-43.1259,NA,NA,NA,NA,"Japoata",-10.34667,-36.80111,"P","PPL",4207,NA,88,"America/Maceio",NA,NA,166.003019924961,NA,NA,NA,NA,NA
"57",1714206,1651,2010-04-06,"Brazil","landslide","Landslide","Downpour","",0,NA,"Unknown","","Urban_area",NA,"Small",9.62541,6023699,"BR","SA","Tue Apr 01 2014 00:00:00 GMT+0000 (UTC)",-22.82,-43.1789,NA,NA,NA,NA,"Goianira",-16.49611,-49.42639,"P","PPL",22822,NA,760,"America/Sao_Paulo",NA,NA,303.150634735199,NA,NA,NA,NA,NA
"58",1716217,1652,2010-04-06,"Brazil","landslide","Landslide","Downpour","",0,NA,"","","",1,"Medium",1.5755,456456,"BR","SA","Tue Apr 01 2014 00:00:00 GMT+0000 (UTC)",-22.8948,-43.1127,NA,NA,NA,NA,"Niteroi",-22.88333,-43.10361,"P","PPL",456456,NA,44,"America/Sao_Paulo",NA,NA,81.5024733159868,NA,NA,NA,NA,NA
"59",1718228,1653,2010-04-06,"Brazil","landslide","Landslide","Downpour","",0,NA,"","","",1,"Medium",4.94603,6023699,"BR","SA","Tue Apr 01 2014 00:00:00 GMT+0000 (UTC)",-22.9428,-43.1861,NA,NA,NA,NA,"Trindade",-16.64944,-49.48889,"P","PPL",97521,NA,768,"America/Sao_Paulo",NA,NA,97.626055922469,NA,NA,NA,NA,NA
"60",1720239,1654,2010-04-06,"Brazil","landslide","Landslide","Downpour","",NA,NA,"","","",1,"Medium",4.83592,456456,"BR","SA","Tue Apr 01 2014 00:00:00 GMT+0000 (UTC)",-22.9153,-43.0715,NA,NA,NA,NA,"Japoata",-10.34667,-36.80111,"P","PPL",4207,NA,88,"America/Maceio",NA,NA,51.2522318417114,NA,NA,NA,NA,NA
"61",1722250,1655,2010-04-06,"Brazil","landslide","Landslide","Downpour","",0,NA,"Unknown","","Urban_area",NA,"Medium",9.62541,6023699,"BR","SA","Tue Apr 01 2014 00:00:00 GMT+0000 (UTC)",-22.82,-43.1789,NA,NA,NA,NA,"Goianira",-16.49611,-49.42639,"P","PPL",22822,NA,760,"America/Sao_Paulo",NA,NA,303.150634735199,NA,NA,NA,NA,NA
"62",1724261,1656,2010-04-06,"Brazil","landslide","Landslide","Downpour","",0,NA,"","","",1,"Medium",25.70069,147281,"BR","SA","Tue Apr 01 2014 00:00:00 GMT+0000 (UTC)",-23.0289,-43.489,NA,NA,NA,NA,"Mongagua",-24.09306,-46.62083,"P","PPLA2",45930,NA,8,"America/Sao_Paulo",NA,NA,33.8651543507959,NA,NA,NA,NA,NA
"63",1726272,1657,2010-04-06,"Brazil","landslide","Landslide","Downpour","",0,NA,"","","",1,"Medium",1.14326,456456,"BR","SA","Tue Apr 01 2014 00:00:00 GMT+0000 (UTC)",-22.8926,-43.0987,NA,NA,NA,NA,"Niteroi",-22.88333,-43.10361,"P","PPL",456456,NA,44,"America/Sao_Paulo",NA,NA,62.2021867560459,NA,NA,NA,NA,NA
"64",1728283,1658,2010-04-06,"Brazil","landslide","Landslide","Downpour","",0,NA,"","","",10,"Medium",4.04387,1002118,"BR","SA","Tue Apr 01 2014 00:00:00 GMT+0000 (UTC)",-22.7483,-43.4887,NA,NA,NA,NA,"Francisco Sa",-16.47583,-43.48833,"P","PPL",13997,NA,650,"America/Sao_Paulo",NA,NA,68.288498344017,NA,NA,NA,NA,NA
"65",1730294,1659,2010-04-06,"Brazil","landslide","Landslide","Downpour","",0,NA,"","","",1,"Medium",8.69188,6023699,"BR","SA","Tue Apr 01 2014 00:00:00 GMT+0000 (UTC)",-22.9778,-43.2324,NA,NA,NA,NA,"Bernardino de Campos",-23.01306,-49.47417,"P","PPL",9342,NA,698,"America/Sao_Paulo",NA,NA,265.51426227978,NA,NA,NA,NA,NA
"66",1732305,1660,2010-04-06,"Brazil","landslide","Landslide","Downpour","",0,NA,"","","",5,"Medium",9.39788,0,"BR","SA","Tue Apr 01 2014 00:00:00 GMT+0000 (UTC)",-22.7594,-43.1093,NA,NA,NA,NA,"Porto Real do Colegio",-10.18583,-36.84,"P","PPL",6001,NA,10,"America/Maceio",NA,NA,78.6059618720638,NA,NA,NA,NA,NA
"67",1734316,1661,2010-04-06,"Brazil","landslide","Landslide","Downpour","",0,NA,"","","",NA,"Medium",8.45437,0,"BR","SA","Tue Apr 01 2014 00:00:00 GMT+0000 (UTC)",-22.7694,-43.108,NA,NA,NA,NA,"Propria",-10.21111,-36.84028,"P","PPL",23786,NA,16,"America/Maceio",NA,NA,86.800843794876,NA,NA,NA,NA,NA
"68",1736327,1662,2010-04-06,"Brazil","landslide","Landslide","Downpour","",0,NA,"","","",NA,"Medium",4.32828,6023699,"BR","SA","Tue Apr 01 2014 00:00:00 GMT+0000 (UTC)",-22.9399,-43.1943,NA,NA,NA,NA,"Trindade",-16.64944,-49.48889,"P","PPL",97521,NA,768,"America/Sao_Paulo",NA,NA,62.9184974432031,NA,NA,NA,NA,NA
"69",1738338,1663,2010-04-06,"Brazil","landslide","Landslide","Downpour","",0,NA,"","","",1,"Medium",8.94746,6023699,"BR","SA","Tue Apr 01 2014 00:00:00 GMT+0000 (UTC)",-22.9801,-43.2328,NA,NA,NA,NA,"Bernardino de Campos",-23.01306,-49.47417,"P","PPL",9342,NA,698,"America/Sao_Paulo",NA,NA,253.862642773259,NA,NA,NA,NA,NA
"70",1740349,1664,2010-04-06,"Brazil","landslide","Landslide","Downpour","",0,NA,"","","",1,"Medium",9.61466,456456,"BR","SA","Tue Apr 01 2014 00:00:00 GMT+0000 (UTC)",-22.9139,-43.0159,NA,NA,NA,NA,"Japoata",-10.34667,-36.80111,"P","PPL",4207,NA,88,"America/Maceio",NA,NA,263.202717484271,NA,NA,NA,NA,NA
"71",1742360,1665,2010-04-06,"Brazil","landslide","Landslide","Downpour","",1,NA,"","","",1,"Medium",2.22813,456456,"BR","SA","Tue Apr 01 2014 00:00:00 GMT+0000 (UTC)",-22.8988,-43.1175,NA,NA,NA,NA,"Niteroi",-22.88333,-43.10361,"P","PPL",456456,NA,44,"America/Sao_Paulo",NA,NA,112.872124904788,NA,NA,NA,NA,NA
"72",1744371,1666,2010-04-06,"Brazil","landslide","Landslide","Downpour","",0,NA,"","","",5,"Medium",9.51482,0,"BR","SA","Tue Apr 01 2014 00:00:00 GMT+0000 (UTC)",-22.8872,-42.9878,NA,NA,NA,NA,"Japoata",-10.34667,-36.80111,"P","PPL",4207,NA,88,"America/Maceio",NA,NA,411.982097995805,NA,NA,NA,NA,NA
"73",1746382,1667,2010-04-06,"Brazil","landslide","Landslide","Downpour","",0,NA,"","","",NA,"Medium",12.04688,147281,"BR","SA","Tue Apr 01 2014 00:00:00 GMT+0000 (UTC)",-22.9131,-43.3857,NA,NA,NA,NA,"Santa Cruz do Rio Pardo",-22.89889,-49.6325,"P","PPL",37336,NA,472,"America/Sao_Paulo",NA,NA,167.875275210663,NA,NA,NA,NA,NA
"74",1748393,1668,2010-04-06,"Brazil","landslide","Landslide","Downpour","",0,NA,"","","",1,"Medium",2.56934,6023699,"BR","SA","Tue Apr 01 2014 00:00:00 GMT+0000 (UTC)",-22.9247,-43.1993,NA,NA,NA,NA,"Trindade",-16.64944,-49.48889,"P","PPL",97521,NA,768,"America/Sao_Paulo",NA,NA,55.9691594388344,NA,NA,NA,NA,NA
"75",1750404,1669,2010-04-06,"Brazil","landslide","Landslide","Downpour","",NA,NA,"","","",1,"Medium",5.28651,17308,"BR","SA","Tue Apr 01 2014 00:00:00 GMT+0000 (UTC)",-22.5527,-43.6897,NA,NA,NA,NA,"Mendes",-22.52667,-43.73278,"P","PPL",17308,NA,419,"America/Sao_Paulo",NA,NA,286.950847117537,NA,NA,NA,NA,NA
"76",1752415,1670,2010-04-06,"Brazil","landslide","Landslide","Downpour","",0,NA,"","","",1,"Medium",2.68607,62056,"BR","SA","Tue Apr 01 2014 00:00:00 GMT+0000 (UTC)",-22.937,-42.4916,NA,NA,NA,NA,"Nova Vicosa",-17.89194,-39.37194,"P","PPL",55980,NA,8,"America/Bahia",NA,NA,110.415198430796,NA,NA,NA,NA,NA
"77",1754426,1671,2010-04-06,"Brazil","landslide","Landslide","Downpour","",0,NA,"","","",1,"Medium",1.13404,456456,"BR","SA","Tue Apr 01 2014 00:00:00 GMT+0000 (UTC)",-22.8733,-43.1014,NA,NA,NA,NA,"Niteroi",-22.88333,-43.10361,"P","PPL",456456,NA,44,"America/Sao_Paulo",NA,NA,64.5169492867404,NA,NA,NA,NA,NA
"78",1756437,1672,2010-04-06,"Brazil","landslide","Landslide","Downpour","",0,NA,"","","",NA,"Medium",15.07609,6023699,"BR","SA","Tue Apr 01 2014 00:00:00 GMT+0000 (UTC)",-23.0145,-43.2915,NA,NA,NA,NA,"Ipaucu",-23.05667,-49.62639,"P","PPL",10833,NA,575,"America/Sao_Paulo",NA,NA,315.474173069988,NA,NA,NA,NA,NA
"79",1758448,1673,2010-04-06,"Brazil","landslide","Landslide","Downpour","",0,NA,"","","",NA,"Small",8.94191,6023699,"BR","SA","Tue Apr 01 2014 00:00:00 GMT+0000 (UTC)",-22.983,-43.1976,NA,NA,NA,NA,"Bernardino de Campos",-23.01306,-49.47417,"P","PPL",9342,NA,698,"America/Sao_Paulo",NA,NA,192.831761014939,NA,NA,NA,NA,NA
"80",1760459,1674,2010-04-06,"Brazil","landslide","Landslide","Downpour","",0,NA,"","","",1,"Medium",6.80953,6023699,"BR","SA","Tue Apr 01 2014 00:00:00 GMT+0000 (UTC)",-22.9138,-43.2728,NA,NA,NA,NA,"Rio de Janeiro",-22.90278,-43.2075,"P","PPLA",6023699,NA,5,"America/Sao_Paulo",NA,NA,262.508950205515,NA,NA,NA,NA,NA
"81",1762470,1675,2010-04-06,"Brazil","landslide","Landslide","Downpour","",0,NA,"","","",1,"Medium",25.10249,147281,"BR","SA","Tue Apr 01 2014 00:00:00 GMT+0000 (UTC)",-23.0085,-43.527,NA,NA,NA,NA,"Nanuque",-17.83917,-40.35389,"P","PPL",37824,NA,108,"America/Sao_Paulo",NA,NA,115.036595507707,NA,NA,NA,NA,NA
"82",1764481,1676,2010-04-06,"Brazil","landslide","Landslide","Downpour","",NA,NA,"","","",1,"Medium",5.0858,456456,"BR","SA","Tue Apr 01 2014 00:00:00 GMT+0000 (UTC)",-22.9196,-43.0732,NA,NA,NA,NA,"Japoata",-10.34667,-36.80111,"P","PPL",4207,NA,88,"America/Maceio",NA,NA,59.6270662184319,NA,NA,NA,NA,NA
"83",1766492,1677,2010-04-06,"Brazil","landslide","Landslide","Downpour","",0,NA,"","","",NA,"Medium",1.01079,456456,"BR","SA","Tue Apr 01 2014 00:00:00 GMT+0000 (UTC)",-22.8901,-43.097,NA,NA,NA,NA,"Niteroi",-22.88333,-43.10361,"P","PPL",456456,NA,44,"America/Sao_Paulo",NA,NA,50.5296667534294,NA,NA,NA,NA,NA
"84",1768503,1678,2010-04-06,"Brazil","landslide","Landslide","Downpour","",0,NA,"","","",1,"Medium",6.14155,6023699,"BR","SA","Tue Apr 01 2014 00:00:00 GMT+0000 (UTC)",-22.9577,-43.1992,NA,NA,NA,NA,"Trindade",-16.64944,-49.48889,"P","PPL",97521,NA,768,"America/Sao_Paulo",NA,NA,161.538546096509,NA,NA,NA,NA,NA
"85",1770514,1679,2010-04-06,"Brazil","landslide","Landslide","Downpour","",0,NA,"","","",1,"Medium",16.74423,100752,"BR","SA","Tue Apr 01 2014 00:00:00 GMT+0000 (UTC)",-22.9849,-43.697,NA,NA,NA,NA,"Jaru",-10.43889,-62.46639,"P","PPL",28015,NA,159,"America/Porto_Velho",NA,NA,303.306732364998,NA,NA,NA,NA,NA
"86",1772525,1680,2010-04-06,"Brazil","landslide","Landslide","Downpour","",0,NA,"","","",NA,"Medium",4.82307,272691,"BR","SA","Tue Apr 01 2014 00:00:00 GMT+0000 (UTC)",-22.5232,-43.2212,NA,NA,NA,NA,"Petropolis",-22.505,-43.17861,"P","PPL",272691,NA,819,"America/Sao_Paulo",NA,NA,262.107711225064,NA,NA,NA,NA,NA
"87",1774536,1681,2010-04-06,"Brazil","landslide","Landslide","Downpour","",0,NA,"","","",1,"Medium",8.37835,6023699,"BR","SA","Tue Apr 01 2014 00:00:00 GMT+0000 (UTC)",-22.9255,-43.2854,NA,NA,NA,NA,"Santa Cruz do Rio Pardo",-22.89889,-49.6325,"P","PPL",37336,NA,472,"America/Sao_Paulo",NA,NA,298.989624677288,NA,NA,NA,NA,NA
"88",1776547,1682,2010-04-06,"Brazil","landslide","Landslide","Downpour","",0,NA,"","","",NA,"Medium",6.26133,6023699,"BR","SA","Tue Apr 01 2014 00:00:00 GMT+0000 (UTC)",-22.9593,-43.206,NA,NA,NA,NA,"Trindade",-16.64944,-49.48889,"P","PPL",97521,NA,768,"America/Sao_Paulo",NA,NA,169.947942820325,NA,NA,NA,NA,NA
"89",1778559,1684,2010-04-06,"Brazil","landslide","Landslide","Downpour","",0,NA,"","","",1,"Medium",3.71231,456456,"BR","SA","Tue Apr 01 2014 00:00:00 GMT+0000 (UTC)",-22.8547,-43.0848,NA,NA,NA,NA,"Encruzilhada do Sul",-30.54389,-52.52194,"P","PPL",17199,NA,431,"America/Sao_Paulo",NA,NA,74.2624273068229,NA,NA,NA,NA,NA
"90",1780570,1685,2010-04-06,"Brazil","landslide","Landslide","Downpour","",0,NA,"","","",1,"Medium",10.31768,6023699,"BR","SA","Tue Apr 01 2014 00:00:00 GMT+0000 (UTC)",-22.9229,-43.3057,NA,NA,NA,NA,"Santa Cruz do Rio Pardo",-22.89889,-49.6325,"P","PPL",37336,NA,472,"America/Sao_Paulo",NA,NA,227.474588464021,NA,NA,NA,NA,NA
"91",1782581,1686,2010-04-06,"Brazil","landslide","Landslide","Downpour","",0,NA,"","","",NA,"Medium",6.43421,456456,"BR","SA","Tue Apr 01 2014 00:00:00 GMT+0000 (UTC)",-22.9035,-43.0448,NA,NA,NA,NA,"Japoata",-10.34667,-36.80111,"P","PPL",4207,NA,88,"America/Maceio",NA,NA,164.636385114698,NA,NA,NA,NA,NA
"92",1784592,1687,2010-04-06,"Brazil","landslide","Landslide","Downpour","",0,NA,"","","",NA,"Medium",6.06545,6023699,"BR","SA","Tue Apr 01 2014 00:00:00 GMT+0000 (UTC)",-22.9417,-43.2491,NA,NA,NA,NA,"Trindade",-16.64944,-49.48889,"P","PPL",97521,NA,768,"America/Sao_Paulo",NA,NA,171.726610286907,NA,NA,NA,NA,NA
"93",1786603,1688,2010-04-06,"Brazil","landslide","Landslide","Downpour","",0,NA,"","","",1,"Medium",3.21678,456456,"BR","SA","Tue Apr 01 2014 00:00:00 GMT+0000 (UTC)",-22.9006,-43.0784,NA,NA,NA,NA,"Japoata",-10.34667,-36.80111,"P","PPL",4207,NA,88,"America/Maceio",NA,NA,82.4961141706868,NA,NA,NA,NA,NA
"94",1788614,1689,2010-04-06,"Brazil","landslide","Landslide","Downpour","",0,NA,"","","",1,"Medium",4.34174,456456,"BR","SA","Tue Apr 01 2014 00:00:00 GMT+0000 (UTC)",-22.9117,-43.0744,NA,NA,NA,NA,"Japoata",-10.34667,-36.80111,"P","PPL",4207,NA,88,"America/Maceio",NA,NA,39.0761498801552,NA,NA,NA,NA,NA
"95",1790625,1690,2010-04-06,"Brazil","landslide","Landslide","Downpour","",0,NA,"","","",1,"Medium",3.87905,6023699,"BR","SA","Tue Apr 01 2014 00:00:00 GMT+0000 (UTC)",-22.9312,-43.1854,NA,NA,NA,NA,"Trindade",-16.64944,-49.48889,"P","PPL",97521,NA,768,"America/Sao_Paulo",NA,NA,76.7539946161278,NA,NA,NA,NA,NA
"96",1792636,1691,2010-04-06,"Brazil","landslide","Landslide","Downpour","",0,NA,"","","",5,"Medium",27.14037,147281,"BR","SA","Tue Apr 01 2014 00:00:00 GMT+0000 (UTC)",-23.0392,-43.5001,NA,NA,NA,NA,"Mongagua",-24.09306,-46.62083,"P","PPLA2",45930,NA,8,"America/Sao_Paulo",NA,NA,85.5047805528428,NA,NA,NA,NA,NA
"97",1794647,1692,2010-04-06,"Brazil","landslide","Landslide","Downpour","",0,NA,"","","",1,"Medium",6.96506,6023699,"BR","SA","Tue Apr 01 2014 00:00:00 GMT+0000 (UTC)",-22.9652,-43.1992,NA,NA,NA,NA,"Trindade",-16.64944,-49.48889,"P","PPL",97521,NA,768,"America/Sao_Paulo",NA,NA,208.897693018806,NA,NA,NA,NA,NA
"98",1796658,1693,2010-04-06,"Brazil","landslide","Landslide","Downpour","",0,NA,"","","",5,"Medium",8.52056,456456,"BR","SA","Tue Apr 01 2014 00:00:00 GMT+0000 (UTC)",-22.9223,-43.032,NA,NA,NA,NA,"Japoata",-10.34667,-36.80111,"P","PPL",4207,NA,88,"America/Maceio",NA,NA,208.60592439462,NA,NA,NA,NA,NA
"99",1798669,1694,2010-04-06,"Brazil","landslide","Landslide","Downpour","",0,NA,"","","",1,"Medium",4.58816,456456,"BR","SA","Tue Apr 01 2014 00:00:00 GMT+0000 (UTC)",-22.923,-43.0907,NA,NA,NA,NA,"Japoata",-10.34667,-36.80111,"P","PPL",4207,NA,88,"America/Maceio",NA,NA,68.0154509824711,NA,NA,NA,NA,NA
"100",1800680,1695,2010-04-06,"Brazil","landslide","Landslide","Downpour","",0,NA,"","","",1,"Medium",3.38381,456456,"BR","SA","Tue Apr 01 2014 00:00:00 GMT+0000 (UTC)",-22.8547,-43.0921,NA,NA,NA,NA,"Encruzilhada do Sul",-30.54389,-52.52194,"P","PPL",17199,NA,431,"America/Sao_Paulo",NA,NA,57.9400669002538,NA,NA,NA,NA,NA
"101",1802691,1696,2010-04-06,"Brazil","landslide","Landslide","Downpour","",0,NA,"","","",1,"Medium",3.57487,456456,"BR","SA","Tue Apr 01 2014 00:00:00 GMT+0000 (UTC)",-22.9149,-43.1109,NA,NA,NA,NA,"Japoata",-10.34667,-36.80111,"P","PPL",4207,NA,88,"America/Maceio",NA,NA,102.986247431238,NA,NA,NA,NA,NA
"102",1804702,1697,2010-04-06,"Brazil","landslide","Landslide","Downpour","",0,NA,"","","",1,"Medium",11.27178,6023699,"BR","SA","Tue Apr 01 2014 00:00:00 GMT+0000 (UTC)",-22.9251,-43.3147,NA,NA,NA,NA,"Santa Cruz do Rio Pardo",-22.89889,-49.6325,"P","PPL",37336,NA,472,"America/Sao_Paulo",NA,NA,213.742631586885,NA,NA,NA,NA,NA
"103",1806713,1698,2010-04-06,"Brazil","landslide","Landslide","Downpour","",0,NA,"","","",1,"Medium",14.45301,6023699,"BR","SA","Tue Apr 01 2014 00:00:00 GMT+0000 (UTC)",-23.0099,-43.288,NA,NA,NA,NA,"Bernardino de Campos",-23.01306,-49.47417,"P","PPL",9342,NA,698,"America/Sao_Paulo",NA,NA,323.842893089392,NA,NA,NA,NA,NA
"104",1808724,1699,2010-04-06,"Brazil","landslide","Landslide","Downpour","",0,NA,"","","",1,"Medium",7.41844,6023699,"BR","SA","Tue Apr 01 2014 00:00:00 GMT+0000 (UTC)",-22.962,-43.1737,NA,NA,NA,NA,"Trindade",-16.64944,-49.48889,"P","PPL",97521,NA,768,"America/Sao_Paulo",NA,NA,221.000842088041,NA,NA,NA,NA,NA
"105",1810735,1700,2010-04-06,"Brazil","landslide","Landslide","Downpour","",0,NA,"","","",1,"Medium",4.82833,6023699,"BR","SA","Tue Apr 01 2014 00:00:00 GMT+0000 (UTC)",-22.9463,-43.2103,NA,NA,NA,NA,"Trindade",-16.64944,-49.48889,"P","PPL",97521,NA,768,"America/Sao_Paulo",NA,NA,88.7778119486646,NA,NA,NA,NA,NA
"106",1812746,1701,2010-04-06,"Brazil","landslide","Landslide","Downpour","",0,NA,"","","",1,"Medium",6.06366,6023699,"BR","SA","Tue Apr 01 2014 00:00:00 GMT+0000 (UTC)",-22.9509,-43.2357,NA,NA,NA,NA,"Trindade",-16.64944,-49.48889,"P","PPL",97521,NA,768,"America/Sao_Paulo",NA,NA,160.896804001266,NA,NA,NA,NA,NA
"107",1814757,1702,2010-04-06,"Brazil","landslide","Landslide","Downpour","",0,NA,"","","",1,"Medium",4.64404,6023699,"BR","SA","Tue Apr 01 2014 00:00:00 GMT+0000 (UTC)",-22.9363,-43.2347,NA,NA,NA,NA,"Trindade",-16.64944,-49.48889,"P","PPL",97521,NA,768,"America/Sao_Paulo",NA,NA,110.951236341328,NA,NA,NA,NA,NA
"108",1816768,1703,2010-04-06,"Brazil","landslide","Landslide","Downpour","",0,NA,"","","",1,"Medium",0.87103,456456,"BR","SA","Tue Apr 01 2014 00:00:00 GMT+0000 (UTC)",-22.8776,-43.0978,NA,NA,NA,NA,"Niteroi",-22.88333,-43.10361,"P","PPL",456456,NA,44,"America/Sao_Paulo",NA,NA,43.3172007263491,NA,NA,NA,NA,NA
"109",1818779,1704,2010-04-06,"Brazil","landslide","Landslide","Downpour","",0,NA,"","","",1,"Medium",1.02905,456456,"BR","SA","Tue Apr 01 2014 00:00:00 GMT+0000 (UTC)",-22.8766,-43.0967,NA,NA,NA,NA,"Niteroi",-22.88333,-43.10361,"P","PPL",456456,NA,44,"America/Sao_Paulo",NA,NA,51.0728605492885,NA,NA,NA,NA,NA
"110",1820790,1705,2010-04-06,"Brazil","landslide","Landslide","Downpour","",0,NA,"","","",1,"Medium",7.46751,6023699,"BR","SA","Tue Apr 01 2014 00:00:00 GMT+0000 (UTC)",-22.9654,-43.2345,NA,NA,NA,NA,"Trindade",-16.64944,-49.48889,"P","PPL",97521,NA,768,"America/Sao_Paulo",NA,NA,233.946250339331,NA,NA,NA,NA,NA
"111",1822801,1706,2010-04-06,"Brazil","landslide","Landslide","Downpour","",0,NA,"","","",1,"Medium",7.2432,6023699,"BR","SA","Tue Apr 01 2014 00:00:00 GMT+0000 (UTC)",-22.9619,-43.1773,NA,NA,NA,NA,"Trindade",-16.64944,-49.48889,"P","PPL",97521,NA,768,"America/Sao_Paulo",NA,NA,213.708526615691,NA,NA,NA,NA,NA
"112",1824812,1707,2010-04-06,"Brazil","landslide","Landslide","Downpour","",0,NA,"","","",1,"Medium",1.29888,456456,"BR","SA","Tue Apr 01 2014 00:00:00 GMT+0000 (UTC)",-22.8943,-43.1081,NA,NA,NA,NA,"Niteroi",-22.88333,-43.10361,"P","PPL",456456,NA,44,"America/Sao_Paulo",NA,NA,72.1292093672529,NA,NA,NA,NA,NA
"113",1826823,1708,2010-04-06,"Brazil","landslide","Landslide","Downpour","",0,NA,"","","",1,"Medium",3.51011,456456,"BR","SA","Tue Apr 01 2014 00:00:00 GMT+0000 (UTC)",-22.9149,-43.1067,NA,NA,NA,NA,"Japoata",-10.34667,-36.80111,"P","PPL",4207,NA,88,"America/Maceio",NA,NA,86.9635516266879,NA,NA,NA,NA,NA
"114",1828834,1709,2010-04-06,"Brazil","landslide","Landslide","Downpour","",0,NA,"","","",1,"Medium",3.31533,456456,"BR","SA","Tue Apr 01 2014 00:00:00 GMT+0000 (UTC)",-22.9089,-43.0868,NA,NA,NA,NA,"Japoata",-10.34667,-36.80111,"P","PPL",4207,NA,88,"America/Maceio",NA,NA,28.0962017780026,NA,NA,NA,NA,NA
"115",1830845,1710,2010-04-06,"Brazil","landslide","Landslide","Downpour","",0,NA,"","","",1,"Medium",3.31827,456456,"BR","SA","Tue Apr 01 2014 00:00:00 GMT+0000 (UTC)",-22.9073,-43.0842,NA,NA,NA,NA,"Japoata",-10.34667,-36.80111,"P","PPL",4207,NA,88,"America/Maceio",NA,NA,36.5753086996715,NA,NA,NA,NA,NA
"116",1832856,1711,2010-04-06,"Brazil","landslide","Landslide","Downpour","",0,NA,"","","",1,"Medium",8.58868,818329,"BR","SA","Tue Apr 01 2014 00:00:00 GMT+0000 (UTC)",-22.8549,-43.2742,NA,NA,NA,NA,"Mairi",-11.71139,-40.14889,"P","PPL",13471,NA,471,"America/Bahia",NA,NA,87.8055040122407,NA,NA,NA,NA,NA
"117",1834867,1712,2010-04-06,"Brazil","landslide","Mudslide","Downpour","",0,NA,"","","",1,"Medium",2.31035,456456,"BR","SA","Tue Apr 01 2014 00:00:00 GMT+0000 (UTC)",-22.8988,-43.0885,NA,NA,NA,NA,"Japoata",-10.34667,-36.80111,"P","PPL",4207,NA,88,"America/Maceio",NA,NA,92.1864816377581,NA,NA,NA,NA,NA
"118",1836878,1713,2010-04-06,"Brazil","landslide","Landslide","Downpour","",0,NA,"","","",1,"Medium",2.66427,456456,"BR","SA","Tue Apr 01 2014 00:00:00 GMT+0000 (UTC)",-22.8887,-43.0783,NA,NA,NA,NA,"Niteroi",-22.88333,-43.10361,"P","PPL",456456,NA,44,"America/Sao_Paulo",NA,NA,106.52291560399,NA,NA,NA,NA,NA
"119",1838889,1714,2010-04-06,"Brazil","landslide","Mudslide","Downpour","",0,NA,"","","",1,"Medium",4.7897,456456,"BR","SA","Tue Apr 01 2014 00:00:00 GMT+0000 (UTC)",-22.887,-43.0571,NA,NA,NA,NA,"Niteroi",-22.88333,-43.10361,"P","PPL",456456,NA,44,"America/Sao_Paulo",NA,NA,187.034529593479,NA,NA,NA,NA,NA
"120",1840900,1715,2010-04-06,"Brazil","landslide","Landslide","Downpour","",0,NA,"","","",1,"Medium",2.78414,456456,"BR","SA","Tue Apr 01 2014 00:00:00 GMT+0000 (UTC)",-22.9033,-43.1201,NA,NA,NA,NA,"Niteroi",-22.88333,-43.10361,"P","PPL",456456,NA,44,"America/Sao_Paulo",NA,NA,142.925759617249,NA,NA,NA,NA,NA
"121",1842911,1716,2010-04-06,"Brazil","landslide","Landslide","Downpour","",0,NA,"","","",5,"Medium",12.02706,0,"BR","SA","Tue Apr 01 2014 00:00:00 GMT+0000 (UTC)",-22.9135,-42.9831,NA,NA,NA,NA,"Goiania",-16.67861,-49.25389,"P","PPLA",1171195,NA,766,"America/Sao_Paulo",NA,NA,311.128148583346,NA,NA,NA,NA,NA
"122",1844922,1717,2010-04-06,"Brazil","landslide","Landslide","Downpour","",0,NA,"","","",1,"Small",12.85487,6023699,"BR","SA","Tue Apr 01 2014 00:00:00 GMT+0000 (UTC)",-22.9824,-43.2987,NA,NA,NA,NA,"Bernardino de Campos",-23.01306,-49.47417,"P","PPL",9342,NA,698,"America/Sao_Paulo",NA,NA,415.505377057589,NA,NA,NA,NA,NA
"123",1846933,1718,2010-04-06,"Brazil","landslide","Landslide","Downpour","",0,NA,"","","",1,"Medium",11.78815,6023699,"BR","SA","Tue Apr 01 2014 00:00:00 GMT+0000 (UTC)",-22.9766,-43.2903,NA,NA,NA,NA,"Bernardino de Campos",-23.01306,-49.47417,"P","PPL",9342,NA,698,"America/Sao_Paulo",NA,NA,411.483983048025,NA,NA,NA,NA,NA
"124",1848944,1719,2010-04-06,"Brazil","landslide","Landslide","Downpour","",0,NA,"","","",5,"Medium",7.95849,6023699,"BR","SA","Tue Apr 01 2014 00:00:00 GMT+0000 (UTC)",-22.9529,-43.2631,NA,NA,NA,NA,"Trindade",-16.64944,-49.48889,"P","PPL",97521,NA,768,"America/Sao_Paulo",NA,NA,248.402569293229,NA,NA,NA,NA,NA
"125",1850955,1720,2010-04-06,"Brazil","landslide","Landslide","Downpour","",0,NA,"","","",1,"Medium",3.18869,456456,"BR","SA","Tue Apr 01 2014 00:00:00 GMT+0000 (UTC)",-22.8888,-43.0731,NA,NA,NA,NA,"Niteroi",-22.88333,-43.10361,"P","PPL",456456,NA,44,"America/Sao_Paulo",NA,NA,126.492133686711,NA,NA,NA,NA,NA
"126",1852966,1721,2010-04-06,"Brazil","landslide","Landslide","Downpour","",0,NA,"","","",5,"Medium",18.45215,147281,"BR","SA","Tue Apr 01 2014 00:00:00 GMT+0000 (UTC)",-22.9638,-43.4762,NA,NA,NA,NA,"Nanuque",-17.83917,-40.35389,"P","PPL",37824,NA,108,"America/Sao_Paulo",NA,NA,249.626702320747,NA,NA,NA,NA,NA
"127",1854977,1722,2010-04-06,"Brazil","landslide","Landslide","Downpour","",0,NA,"","","",1,"Medium",12.88639,6023699,"BR","SA","Tue Apr 01 2014 00:00:00 GMT+0000 (UTC)",-23.0011,-43.2747,NA,NA,NA,NA,"Bernardino de Campos",-23.01306,-49.47417,"P","PPL",9342,NA,698,"America/Sao_Paulo",NA,NA,291.060924782763,NA,NA,NA,NA,NA
"128",1856988,1723,2010-04-06,"Brazil","landslide","Landslide","Downpour","",0,NA,"","","",5,"Medium",6.28024,456456,"BR","SA","Tue Apr 01 2014 00:00:00 GMT+0000 (UTC)",-22.9112,-43.0503,NA,NA,NA,NA,"Japoata",-10.34667,-36.80111,"P","PPL",4207,NA,88,"America/Maceio",NA,NA,131.563045306042,NA,NA,NA,NA,NA
"129",1858999,1724,2010-04-06,"Brazil","landslide","Landslide","Downpour","",0,NA,"","","",1,"Medium",0.59395,456456,"BR","SA","Tue Apr 01 2014 00:00:00 GMT+0000 (UTC)",-22.878,-43.103,NA,NA,NA,NA,"Niteroi",-22.88333,-43.10361,"P","PPL",456456,NA,44,"America/Sao_Paulo",NA,NA,34.0455206427308,NA,NA,NA,NA,NA
"130",1861010,1725,2010-04-06,"Brazil","landslide","Mudslide","Downpour","",0,NA,"","","",5,"Medium",5.74933,456456,"BR","SA","Tue Apr 01 2014 00:00:00 GMT+0000 (UTC)",-22.9337,-43.1172,NA,NA,NA,NA,"Japoata",-10.34667,-36.80111,"P","PPL",4207,NA,88,"America/Maceio",NA,NA,181.474579086879,NA,NA,NA,NA,NA
"131",1863021,1726,2010-04-06,"Brazil","landslide","Landslide","Downpour","",0,NA,"","","",1,"Medium",5.73012,0,"BR","SA","Tue Apr 01 2014 00:00:00 GMT+0000 (UTC)",-22.8781,-43.0455,NA,NA,NA,NA,"Encruzilhada do Sul",-30.54389,-52.52194,"P","PPL",17199,NA,431,"America/Sao_Paulo",NA,NA,230.329655741658,NA,NA,NA,NA,NA
"132",1865032,1727,2010-04-06,"Brazil","landslide","Landslide","Downpour","",0,NA,"","","",1,"Medium",12.6705,6023699,"BR","SA","Tue Apr 01 2014 00:00:00 GMT+0000 (UTC)",-22.945,-43.3223,NA,NA,NA,NA,"Santa Cruz do Rio Pardo",-22.89889,-49.6325,"P","PPL",37336,NA,472,"America/Sao_Paulo",NA,NA,311.208936718233,NA,NA,NA,NA,NA
"133",1867043,1728,2010-04-06,"Brazil","landslide","Landslide","Downpour","",0,NA,"","","",1,"Medium",2.26519,456456,"BR","SA","Tue Apr 01 2014 00:00:00 GMT+0000 (UTC)",-22.9008,-43.1151,NA,NA,NA,NA,"Niteroi",-22.88333,-43.10361,"P","PPL",456456,NA,44,"America/Sao_Paulo",NA,NA,120.22259361802,NA,NA,NA,NA,NA
"134",1869054,1729,2010-04-06,"Brazil","landslide","Landslide","Downpour","",0,NA,"","","",1,"Medium",2.66821,456456,"BR","SA","Tue Apr 01 2014 00:00:00 GMT+0000 (UTC)",-22.8796,-43.1293,NA,NA,NA,NA,"Niteroi",-22.88333,-43.10361,"P","PPL",456456,NA,44,"America/Sao_Paulo",NA,NA,105.68067333249,NA,NA,NA,NA,NA
"135",1871065,1730,2010-04-06,"Brazil","landslide","Landslide","Downpour","",0,NA,"","","",1,"Medium",4.86845,456456,"BR","SA","Tue Apr 01 2014 00:00:00 GMT+0000 (UTC)",-22.9113,-43.067,NA,NA,NA,NA,"Japoata",-10.34667,-36.80111,"P","PPL",4207,NA,88,"America/Maceio",NA,NA,67.5802305137902,NA,NA,NA,NA,NA
"136",1873076,1731,2010-04-06,"Brazil","landslide","Landslide","Downpour","",0,NA,"","","",1,"Medium",11.94694,456456,"BR","SA","Tue Apr 01 2014 00:00:00 GMT+0000 (UTC)",-22.9631,-43.0252,NA,NA,NA,NA,"Goiania",-16.67861,-49.25389,"P","PPLA",1171195,NA,766,"America/Sao_Paulo",NA,NA,196.053568990166,NA,NA,NA,NA,NA
"137",1875087,1732,2010-04-06,"Brazil","landslide","Landslide","Downpour","",0,NA,"","","",1,"Medium",6.58458,456456,"BR","SA","Tue Apr 01 2014 00:00:00 GMT+0000 (UTC)",-22.9188,-43.0521,NA,NA,NA,NA,"Japoata",-10.34667,-36.80111,"P","PPL",4207,NA,88,"America/Maceio",NA,NA,128.815542393361,NA,NA,NA,NA,NA
"138",1877098,1733,2010-04-06,"Brazil","landslide","Mudslide","Downpour","",0,NA,"","","",1,"Medium",9.30607,456456,"BR","SA","Tue Apr 01 2014 00:00:00 GMT+0000 (UTC)",-22.9337,-43.031,NA,NA,NA,NA,"Japoata",-10.34667,-36.80111,"P","PPL",4207,NA,88,"America/Maceio",NA,NA,241.388713185248,NA,NA,NA,NA,NA
"139",1879109,1734,2010-04-06,"Brazil","landslide","Landslide","Downpour","",0,NA,"","","",1,"Medium",2.17699,456456,"BR","SA","Tue Apr 01 2014 00:00:00 GMT+0000 (UTC)",-22.8754,-43.0842,NA,NA,NA,NA,"Niteroi",-22.88333,-43.10361,"P","PPL",456456,NA,44,"America/Sao_Paulo",NA,NA,92.9353141924834,NA,NA,NA,NA,NA
"140",1881120,1735,2010-04-06,"Brazil","landslide","Landslide","Downpour","",0,NA,"","","",1,"Medium",1.39128,456456,"BR","SA","Tue Apr 01 2014 00:00:00 GMT+0000 (UTC)",-22.8929,-43.1124,NA,NA,NA,NA,"Niteroi",-22.88333,-43.10361,"P","PPL",456456,NA,44,"America/Sao_Paulo",NA,NA,70.2737923340632,NA,NA,NA,NA,NA
"141",1883131,1736,2010-04-06,"Brazil","landslide","Landslide","Downpour","",0,NA,"","","",1,"Medium",2.79808,456456,"BR","SA","Tue Apr 01 2014 00:00:00 GMT+0000 (UTC)",-22.904,-43.1193,NA,NA,NA,NA,"Niteroi",-22.88333,-43.10361,"P","PPL",456456,NA,44,"America/Sao_Paulo",NA,NA,145.525048514856,NA,NA,NA,NA,NA
"142",1885142,1737,2010-04-06,"Brazil","landslide","Landslide","Downpour","",0,NA,"","","",1,"Medium",3.51692,6023699,"BR","SA","Tue Apr 01 2014 00:00:00 GMT+0000 (UTC)",-22.9259,-43.184,NA,NA,NA,NA,"Trindade",-16.64944,-49.48889,"P","PPL",97521,NA,768,"America/Sao_Paulo",NA,NA,92.3109722915475,NA,NA,NA,NA,NA
"143",1901966,1740,2010-04-07,"Brazil","landslide","Mudslide","Downpour","Heaviest Rain in 48 years",196,NA,"","http://news.bbc.co.uk/2/hi/americas/8610666.stm","",1,"Very_large",1.84404,456456,"BR","SA","Tue Apr 01 2014 00:00:00 GMT+0000 (UTC)",-22.8919,-43.0882,NA,NA,NA,NA,"Niteroi",-22.88333,-43.10361,"P","PPL",456456,NA,44,"America/Sao_Paulo",NA,NA,82.0885027447302,NA,NA,NA,NA,NA
"144",2308288,1997,2010-06-17,"Brazil","landslide","Landslide","Downpour","",5,NA,"","http://english.ruvr.ru/2010/06/19/10158398.html","",10,"Medium",5.32017,366754,"BR","SA","Tue Apr 01 2014 00:00:00 GMT+0000 (UTC)",-8.0011,-34.9029,NA,NA,NA,NA,"Olinda",-8.00889,-34.85528,"P","PPL",366754,NA,37,"America/Recife",NA,NA,67.4131862346314,NA,NA,NA,NA,NA
"145",3138178,2915,2010-12-30,"Brazil","landslide","Landslide","Downpour","",7,NA,"","http://www.reliefweb.int/rw/rwb.nsf/db900sid/VVOS-8CNQNT?OpenDocument","",5,"Medium",9.00611,20743,"BR","SA","Tue Apr 01 2014 00:00:00 GMT+0000 (UTC)",-18.7677,-40.9752,NA,NA,NA,NA,"Barra de Sao Francisco",-18.755,-40.89083,"P","PPL",20743,NA,197,"America/Sao_Paulo",NA,NA,541.505703724097,NA,NA,NA,NA,NA
"146",3140189,2916,2010-12-30,"Brazil","landslide","Mudslide","Downpour","",3,NA,"","http://latino.foxnews.com/latino/news/2010/12/30/rains-leave-dead-brazil/","",5,"Medium",0.45679,13543,"BR","SA","Tue Apr 01 2014 00:00:00 GMT+0000 (UTC)",-20.073,-41.1197,NA,NA,NA,NA,"Afonso Claudio",-20.07417,-41.12389,"P","PPL",13543,NA,368,"America/Sao_Paulo",NA,NA,11.74183629379,NA,NA,NA,NA,NA
"147",3142214,2931,2011-01-03,"Brazil","landslide","Mudslide","Downpour","",3,NA,"","http://english.ntdtv.com/ntdtv_en/ns_sa/2011-01-07/143095469786.html","",10,"Medium",1.81271,272691,"BR","SA","Tue Apr 01 2014 00:00:00 GMT+0000 (UTC)",-22.4891,-43.1828,NA,NA,NA,NA,"Petropolis",-22.505,-43.17861,"P","PPL",272691,NA,819,"America/Sao_Paulo",NA,NA,103.955275835115,15,2155.71428571429,"BR",2155.71428571429,"BR"
"148",3145055,2935,2011-01-06,"Brazil","landslide","Mudslide","Downpour","",2,NA,"","http://www.denverpost.com/nationworld/ci_17031457","",5,"Medium",0.10215,386069,"BR","SA","Tue Apr 01 2014 00:00:00 GMT+0000 (UTC)",-23.6687,-46.4614,NA,NA,NA,NA,"Maua",-23.66778,-46.46139,"P","PPLA2",386069,NA,773,"America/Sao_Paulo",NA,NA,5.86132389737541,18,762.916666666667,"BR",762.916666666667,"BR"
"149",3147066,2936,2011-01-06,"Brazil","landslide","Mudslide","Downpour","",4,NA,"","http://www.laht.com/article.asp?ArticleId=383181&CategoryId=14090","",5,"Medium",0.02392,321589,"BR","SA","Tue Apr 01 2014 00:00:00 GMT+0000 (UTC)",-23.1864,-46.8844,NA,NA,NA,NA,"Jundiai",-23.18639,-46.88417,"P","PPLA2",321589,NA,753,"America/Sao_Paulo",NA,NA,0.541222724733019,18,762.916666666667,"BR",762.916666666667,"BR"
"150",3173035,2970,2011-01-12,"Brazil","landslide","Mudslide","Downpour","",0,NA,"","http://www.boston.com/bigpicture/2011/01/landslides_in_brazil.html","",5,"Medium",3.88394,153361,"BR","SA","Tue Apr 01 2014 00:00:00 GMT+0000 (UTC)",-22.2486,-42.5428,NA,NA,NA,NA,"Nova Friburgo",-22.28194,-42.53111,"P","PPLA2",153361,NA,858,"America/Sao_Paulo",NA,NA,224.18163356312,24,1280.5,"BR",1280.5,"BR"
"151",3175046,2971,2011-01-12,"Brazil","landslide","Landslide","Downpour","",0,NA,"","http://translate.google.com/translate?js=n&prev=_t&hl=en&ie=UTF-8&layout=2&eotf=1&sl=pt&tl=en&u=http%3A%2F%2Fglobonews.globo.com%2F&act=url","",5,"Medium",6.67785,123979,"BR","SA","Tue Apr 01 2014 00:00:00 GMT+0000 (UTC)",-22.411,-43.0304,NA,NA,NA,NA,"Lagoa da Canoa",-9.82972,-36.73778,"P","PPL",13422,NA,289,"America/Maceio",NA,NA,109.796069717992,24,1280.5,"BR",1280.5,"BR"
"152",3177057,2972,2011-01-12,"Brazil","landslide","Landslide","Downpour","",0,NA,"","http://translate.google.com/translate?js=n&prev=_t&hl=en&ie=UTF-8&layout=2&eotf=1&sl=pt&tl=en&u=http%3A%2F%2Fglobonews.globo.com%2F&act=url","",10,"Medium",10.20164,46177,"BR","SA","Tue Apr 01 2014 00:00:00 GMT+0000 (UTC)",-22.398,-42.5823,NA,NA,NA,NA,"Santa Quiteria do Maranhao",-3.51556,-42.54667,"P","PPL",17174,NA,29,"America/Fortaleza",NA,NA,296.565259425861,24,1280.5,"BR",1280.5,"BR"
"153",3179068,2973,2011-01-12,"Brazil","landslide","Mudslide","Downpour","",0,NA,"","http://www.guardian.co.uk/world/2011/jan/19/volunteers-search-brazil-rainforest-survivors","",10,"Medium",18.63902,123979,"BR","SA","Tue Apr 01 2014 00:00:00 GMT+0000 (UTC)",-22.3165,-42.8167,NA,NA,NA,NA,"Limoeiro de Anadia",-9.74056,-36.50278,"P","PPL",2770,NA,125,"America/Maceio",NA,NA,195.57900782511,24,1280.5,"BR",1280.5,"BR"
"154",3181079,2974,2011-01-12,"Brazil","landslide","Landslide","Downpour","",0,NA,"","http://translate.google.com/translate?js=n&prev=_t&hl=en&ie=UTF-8&layout=2&eotf=1&sl=pt&tl=en&u=http%3A%2F%2Fglobonews.globo.com%2F&act=url","",10,"Medium",0.57715,11041,"BR","SA","Tue Apr 01 2014 00:00:00 GMT+0000 (UTC)",-22.233,-43.1105,NA,NA,NA,NA,"Areal",-22.23056,-43.10556,"P","PPL",11041,NA,496,"America/Sao_Paulo",NA,NA,34.2918412483605,24,1280.5,"BR",1280.5,"BR"
"155",3183090,2975,2011-01-12,"Brazil","landslide","Landslide","Downpour","",0,NA,"","http://translate.google.com/translate?js=n&prev=_t&hl=en&ie=UTF-8&layout=2&eotf=1&sl=pt&tl=en&u=http%3A%2F%2Fglobonews.globo.com%2F&act=url","",5,"Medium",15.52322,15601,"BR","SA","Tue Apr 01 2014 00:00:00 GMT+0000 (UTC)",-22.1546,-42.4268,NA,NA,NA,NA,"Santo Estevao",-12.43028,-39.25139,"P","PPL",27279,NA,242,"America/Bahia",NA,NA,275.260263737574,24,1280.5,"BR",1280.5,"BR"
"156",3185101,2976,2011-01-12,"Brazil","landslide","Landslide","Downpour","",0,NA,"","http://www.reliefweb.int/rw/RWFiles2011.nsf/FilesByRWDocUnidFilename/MCOI-8DMH8X-full_report.pdf/$File/full_report.pdf","",10,"Medium",20.44529,153361,"BR","SA","Tue Apr 01 2014 00:00:00 GMT+0000 (UTC)",-22.2173,-42.7169,NA,NA,NA,NA,"Tubarao",-28.46667,-49.00694,"P","PPL",67245,NA,7,"America/Sao_Paulo",NA,NA,219.631349244561,24,1280.5,"BR",1280.5,"BR"
"157",3187112,2977,2011-01-12,"Brazil","landslide","Landslide","Downpour","",0,NA,"","http://www.boston.com/bigpicture/2011/01/landslides_in_brazil.html","",5,"Medium",15.68474,153361,"BR","SA","Tue Apr 01 2014 00:00:00 GMT+0000 (UTC)",-22.2833,-42.6833,NA,NA,NA,NA,"Cajueiro",-9.71667,-36.45,"P","PPL",15062,NA,215,"America/Maceio",NA,NA,304.365899483986,24,1280.5,"BR",1280.5,"BR"
"158",3189123,2978,2011-01-12,"Brazil","landslide","Landslide","Downpour","",0,NA,"","http://translate.google.com/translate?js=n&prev=_t&hl=en&ie=UTF-8&layout=2&eotf=1&sl=pt&tl=en&u=http%3A%2F%2Fglobonews.globo.com%2F&act=url","",5,"Medium",4.81609,123979,"BR","SA","Tue Apr 01 2014 00:00:00 GMT+0000 (UTC)",-22.3701,-42.9772,NA,NA,NA,NA,"Teresopolis",-22.4167,-42.97822,"P","PPL",123979,NA,936,"America/Sao_Paulo",NA,NA,296.948796895546,24,1280.5,"BR",1280.5,"BR"
"159",3191134,2979,2011-01-12,"Brazil","landslide","Landslide","Downpour","",0,NA,"","http://www.geoeye.com/CorpSite/gallery/detail.aspx?iid=357&gid=1","",1,"Medium",5.08711,153361,"BR","SA","Tue Apr 01 2014 00:00:00 GMT+0000 (UTC)",-22.2581,-42.5733,NA,NA,NA,NA,"Anadia",-9.68444,-36.30417,"P","PPL",9574,NA,147,"America/Maceio",NA,NA,98.1429492676947,24,1280.5,"BR",1280.5,"BR"
"160",3193145,2980,2011-01-12,"Brazil","landslide","Landslide","Downpour","",1,NA,"","http://translate.google.com/translate?js=n&prev=_t&hl=en&ie=UTF-8&layout=2&eotf=1&sl=pt&tl=en&u=http%3A%2F%2Fglobonews.globo.com%2F&act=url","",10,"Medium",12.77894,153361,"BR","SA","Tue Apr 01 2014 00:00:00 GMT+0000 (UTC)",-22.2492,-42.65,NA,NA,NA,NA,"Anadia",-9.68444,-36.30417,"P","PPL",9574,NA,147,"America/Maceio",NA,NA,385.944562940003,24,1280.5,"BR",1280.5,"BR"
"161",3195156,2981,2011-01-12,"Brazil","landslide","Mudslide","Downpour","",10,NA,"","http://www2.timesdispatch.com/news/2011/jan/17/TDMAIN04-safe-housing-sought-for-mudslide-survivor-ar-778642/","",5,"Large",4.72852,123979,"BR","SA","Tue Apr 01 2014 00:00:00 GMT+0000 (UTC)",-22.3787,-42.994,NA,NA,NA,NA,"Lagoa da Canoa",-9.82972,-36.73778,"P","PPL",13422,NA,289,"America/Maceio",NA,NA,193.369661563165,24,1280.5,"BR",1280.5,"BR"
"162",3197167,2982,2011-01-12,"Brazil","landslide","Mudslide","Downpour","",13,NA,"","http://www.smh.com.au/environment/weather/ten--killed-in-sao-paulo--deluge-20110112-19mxl.html","",15,"Large",10.7917,87188,"BR","SA","Tue Apr 01 2014 00:00:00 GMT+0000 (UTC)",-23.4242,-46.6574,NA,NA,NA,NA,"Siqueira Campos",-23.68889,-49.83389,"P","PPL",13866,NA,622,"America/Sao_Paulo",NA,NA,74.7893401600147,24,1280.5,"BR",1280.5,"BR"
"163",3199178,2983,2011-01-12,"Brazil","landslide","Complex","Downpour","",0,NA,"","http://translate.google.com/translate?js=n&prev=_t&hl=en&ie=UTF-8&layout=2&eotf=1&sl=pt&tl=en&u=http%3A%2F%2Fglobonews.globo.com%2F&act=url","",5,"Large",4.50319,123979,"BR","SA","Tue Apr 01 2014 00:00:00 GMT+0000 (UTC)",-22.3998,-43.0072,NA,NA,NA,NA,"Lagoa da Canoa",-9.82972,-36.73778,"P","PPL",13422,NA,289,"America/Maceio",NA,NA,83.9373017570317,24,1280.5,"BR",1280.5,"BR"
"164",3201189,2984,2011-01-12,"Brazil","landslide","Mudslide","Downpour","",19,NA,"","http://www.google.com/hostednews/ap/article/ALeqM5i61tvK02ASGzjqYGIKzAKXLK6lpQ?docId=dff151b390df4073b8093dd2596427bd","",25,"Large",18.53508,11555,"BR","SA","Tue Apr 01 2014 00:00:00 GMT+0000 (UTC)",-22.0811,-42.6935,NA,NA,NA,NA,"Pirenopolis",-15.85072,-48.96087,"P","PPL",13615,NA,751,"America/Sao_Paulo",NA,NA,350.989119317834,24,1280.5,"BR",1280.5,"BR"
"165",3203200,2985,2011-01-12,"Brazil","landslide","Landslide","Downpour","",50,NA,"","http://news.smh.com.au/breaking-news-world/brazil-flooding-deaths-over-700-and-rising-20110119-19vpj.html","",10,"Large",12.06829,123979,"BR","SA","Tue Apr 01 2014 00:00:00 GMT+0000 (UTC)",-22.3838,-43.0787,NA,NA,NA,NA,"Criciuma",-28.6775,-49.36972,"P","PPL",161954,NA,50,"America/Sao_Paulo",NA,NA,81.2705547767606,24,1280.5,"BR",1280.5,"BR"
"166",3205211,2986,2011-01-12,"Brazil","landslide","Mudslide","Downpour","",56,NA,"","http://www.guardian.co.uk/world/2011/jan/12/brazil-landslide-leaves-115-dead","",5,"Large",3.97314,272691,"BR","SA","Tue Apr 01 2014 00:00:00 GMT+0000 (UTC)",-22.5037,-43.2172,NA,NA,NA,NA,"Petropolis",-22.505,-43.17861,"P","PPL",272691,NA,819,"America/Sao_Paulo",NA,NA,214.341753945611,24,1280.5,"BR",1280.5,"BR"
"167",3207222,2987,2011-01-12,"Brazil","landslide","Landslide","Downpour","",0,NA,"","http://earthobservatory.nasa.gov/IOTD/view.php?id=49120&src=imgrss","",5,"Very_large",10.48719,123979,"BR","SA","Tue Apr 01 2014 00:00:00 GMT+0000 (UTC)",-22.3278,-43.0117,NA,NA,NA,NA,"Cocal",-28.60321,-49.32767,"P","PPL",13303,NA,73,"America/Sao_Paulo",NA,NA,203.531860340517,24,1280.5,"BR",1280.5,"BR"
"168",3209233,2988,2011-01-12,"Brazil","landslide","Mudslide","Downpour","",0,NA,"","","",10,"Very_large",9.07433,153361,"BR","SA","Tue Apr 01 2014 00:00:00 GMT+0000 (UTC)",-22.2331,-42.6018,NA,NA,NA,NA,"Anadia",-9.68444,-36.30417,"P","PPL",9574,NA,147,"America/Maceio",NA,NA,143.800782347028,24,1280.5,"BR",1280.5,"BR"
"169",3211244,2989,2011-01-12,"Brazil","landslide","Mudslide","Downpour","",424,NA,"","http://www.guardian.co.uk/world/2011/jan/12/brazil-landslide-leaves-115-dead","",5,"Very_large",0.08737,123979,"BR","SA","Tue Apr 01 2014 00:00:00 GMT+0000 (UTC)",-22.4123,-42.9664,NA,NA,NA,NA,"Teresopolis",-22.4167,-42.97822,"P","PPL",123979,NA,936,"America/Sao_Paulo",NA,NA,74.1591990799822,24,1280.5,"BR",1280.5,"BR"
"170",3213255,2990,2011-01-12,"Brazil","landslide","Mudslide","Downpour","",378,NA,"Guardian","http://www.guardian.co.uk/world/2011/jan/12/brazil-landslide-leaves-115-dead","Unknown",5,"Very_large",0.63016,153361,"BR","SA","Tue Apr 01 2014 00:00:00 GMT+0000 (UTC)",-22.26551841,-42.53712263,NA,NA,NA,NA,"Nova Friburgo",-22.28194,-42.53111,"P","PPLA2",153361,NA,858,"America/Sao_Paulo",NA,NA,110.900909537203,24,1280.5,"BR",1280.5,"BR"
"171",3217879,3007,2011-01-16,"Brazil","landslide","Mudslide","Downpour","",3,NA,"","http://www2.timesdispatch.com/news/2011/jan/17/TDMAIN04-safe-housing-sought-for-mudslide-survivor-ar-778642/","",10,"Medium",2.80724,272691,"BR","SA","Tue Apr 01 2014 00:00:00 GMT+0000 (UTC)",-22.4804,-43.1852,NA,NA,NA,NA,"Forquilhinha",-28.7475,-49.47222,"P","PPL",22998,NA,28,"America/Sao_Paulo",NA,NA,104.742665805256,NA,NA,NA,NA,NA
"172",3233565,3184,2011-03-09,"Brazil","landslide","Landslide","Downpour","",0,NA,"","http://asia.eurosport.com/fiawtcc/cars-and-parts-arrive-safe_sto2708168/story.shtml","",15,"Medium",17.7442,16152,"BR","SA","Tue Apr 01 2014 00:00:00 GMT+0000 (UTC)",-25.572,-48.7906,NA,NA,NA,NA,"Belo Oriente",-19.22,-42.48361,"P","PPL",18470,NA,261,"America/Sao_Paulo",NA,NA,460.033618780467,NA,NA,NA,NA,NA
"173",3235576,3185,2011-03-09,"Brazil","landslide","Landslide","Downpour","",3,NA,"","http://www.laht.com/article.asp?ArticleId=389394&CategoryId=14090","",NA,"Medium",37.48857,18652,"BR","SA","Tue Apr 01 2014 00:00:00 GMT+0000 (UTC)",-25.0209,-51.5288,NA,NA,NA,NA,"Sao Goncalo dos Campos",-12.43333,-38.96667,"P","PPL",14822,NA,228,"America/Bahia",NA,NA,137.697314539502,NA,NA,NA,NA,NA
"174",3267026,3396,2011-04-23,"Brazil","landslide","Mudslide","Downpour","",3,NA,"","http://www.laht.com/article.asp?ArticleId=392322&CategoryId=10718","",25,"Medium",1.68668,253841,"BR","SA","Tue Apr 01 2014 00:00:00 GMT+0000 (UTC)",-29.6634,-51.1339,NA,NA,NA,NA,"Carauari",-4.88278,-66.89583,"P","PPL",18059,NA,65,"America/Manaus",NA,NA,94.0262236651508,NA,NA,NA,NA,NA
"175",3269037,3397,2011-04-23,"Brazil","landslide","Mudslide","Downpour","",7,NA,"","http://www.laht.com/article.asp?ArticleId=392267&CategoryId=14090","",10,"Medium",3.17572,28679,"BR","SA","Tue Apr 01 2014 00:00:00 GMT+0000 (UTC)",-29.5706,-50.7578,NA,NA,NA,NA,"Igrejinha",-29.57444,-50.79028,"P","PPL",28679,NA,36,"America/Sao_Paulo",NA,NA,60.846455451696,NA,NA,NA,NA,NA
"176",3272110,3407,2011-04-25,"Brazil","landslide","Landslide","Downpour","",0,NA,"","http://www.msnbc.msn.com/id/42766942/ns/weather/","",50,"Medium",8.73549,454849,"BR","SA","Tue Apr 01 2014 00:00:00 GMT+0000 (UTC)",-22.8811,-43.3548,NA,NA,NA,NA,"Santa Cruz do Rio Pardo",-22.89889,-49.6325,"P","PPL",37336,NA,472,"America/Sao_Paulo",NA,NA,115.408748896604,NA,NA,NA,NA,NA
"177",3274990,3451,2011-05-03,"Brazil","landslide","Mudslide","Downpour","",1,NA,"","http://www.taiwannews.com.tw/etn/news_content.php?id=1589003","",NA,"Medium",43.13552,12272,"BR","SA","Tue Apr 01 2014 00:00:00 GMT+0000 (UTC)",-8.4454,-38.0702,NA,NA,NA,NA,"Conde",-7.25972,-34.9075,"P","PPL",15859,NA,116,"America/Fortaleza",NA,NA,77.2853407620728,NA,NA,NA,NA,NA
"178",3742378,3740,2011-07-07,"Brazil","landslide","Landslide","Unknown","",2,NA,"","http://www.taiwannews.com.tw/etn/news_content.php?id=1646631","",5,"Medium",0.04303,39198,"BR","SA","Thu Sep 11 2014 19:34:53 GMT+0000 (UTC)",-22.7418,-46.901,NA,NA,NA,NA,"Pedreira",-22.74194,-46.90139,"P","PPL",39198,NA,601,"America/Sao_Paulo",NA,NA,2.02393448101422,NA,NA,NA,NA,NA
"179",3803807,3785,2011-07-16,"Brazil","landslide","Mudslide","Downpour","",0,NA,"","","",NA,"Medium",30.61676,20324,"BR","SA","Tue Apr 01 2014 00:00:00 GMT+0000 (UTC)",-8.8137,-36.9541,NA,NA,NA,NA,"Mocajuba",-2.58417,-49.50722,"P","PPL",16567,NA,19,"America/Belem",NA,NA,349.011347143965,NA,NA,NA,NA,NA
"180",3805818,3786,2011-07-16,"Brazil","landslide","Mudslide","Downpour","",1,NA,"","","",5,"Medium",0.05001,1478098,"BR","SA","Tue Apr 01 2014 00:00:00 GMT+0000 (UTC)",-8.0543,-34.8813,NA,NA,NA,NA,"Recife",-8.05389,-34.88111,"P","PPLA",1478098,NA,8,"America/Recife",NA,NA,2.62316934427358,NA,NA,NA,NA,NA
"181",3807829,3787,2011-07-16,"Brazil","landslide","Mudslide","Downpour","",4,NA,"","http://latino.foxnews.com/latino/news/2011/07/18/rainstorm-kills-6-in-northeast-brazil/","",5,"Medium",4.51119,88416,"BR","SA","Tue Apr 01 2014 00:00:00 GMT+0000 (UTC)",-8.0204,-34.9817,NA,NA,NA,NA,"Sao Lourenco da Mata",-8.00222,-35.01833,"P","PPL",88416,NA,48,"America/Recife",NA,NA,121.440368666787,NA,NA,NA,NA,NA
"182",4000058,4126,2012-01-02,"Brazil","landslide","Mudslide","Downpour","",2,NA,"","http://www.laht.com/article.asp?ArticleId=458213&CategoryId=14090","",10,"Medium",3.82276,2373224,"BR","SA","Tue Apr 01 2014 00:00:00 GMT+0000 (UTC)",-19.944,-43.9107,NA,NA,NA,NA,"Belo Horizonte",-19.92083,-43.93778,"P","PPLA",2373224,888,872,"America/Sao_Paulo",NA,NA,168.310946224774,26,1720.6,"BR",1720.6,"BR"
"183",4002069,4127,2012-01-03,"Brazil","landslide","Mudslide","Downpour","",1,NA,"","http://www.monstersandcritics.com/news/americas/news/article_1683779.php/Rain-wreaks-havoc-in-south-eastern-Brazil","",5,"Medium",1.3911,63678,"BR","SA","Tue Apr 01 2014 00:00:00 GMT+0000 (UTC)",-20.3837,-43.499,NA,NA,NA,NA,"Mariana",-20.37778,-43.41611,"P","PPL",45236,NA,707,"America/Sao_Paulo",NA,NA,43.0952856927286,27,1956.85714285714,"BR",1956.85714285714,"BR"
"184",4004085,4133,2012-01-09,"Brazil","landslide","Mudslide","Downpour","",22,NA,"","http://www.cnn.com/2012/01/10/world/americas/brazil-flooding/","",5,"Large",1.47006,12329,"BR","SA","Tue Apr 01 2014 00:00:00 GMT+0000 (UTC)",-21.9935,-42.9003,NA,NA,NA,NA,"Sapucaia",-21.995,-42.91444,"P","PPL",12329,NA,224,"America/Sao_Paulo",NA,NA,90.5909691622405,33,353.333333333333,"BR",353.333333333333,"BR"
"185",4097105,4310,2012-04-06,"Brazil","landslide","Mudslide","Downpour","",5,NA,"","http://www.accuweather.com/en/weather-news/mudslides-kill-5-in-brazil-1/63785","",5,"Large",0.51533,123979,"BR","SA","Tue Apr 01 2014 00:00:00 GMT+0000 (UTC)",-22.4115,-42.9705,NA,NA,NA,NA,"Teresopolis",-22.4167,-42.97822,"P","PPL",123979,NA,936,"America/Sao_Paulo",NA,NA,55.7589936737279,NA,NA,NA,NA,NA
"186",4596736,4612,2012-11-13,"Brazil","landslide","Landslide","Rain","",NA,NA,"","","",25,"Large",0.19081,153361,"BR","SA","Tue Apr 01 2014 00:00:00 GMT+0000 (UTC)",-22.2815,-42.5329,NA,NA,NA,NA,"Nova Friburgo",-22.28194,-42.53111,"P","PPLA2",153361,NA,858,"America/Sao_Paulo",NA,NA,11.2799101245621,NA,NA,NA,NA,NA
"187",4711003,4775,2013-03-18,"Brazil","landslide","Landslide","Rain","",31,NA,"www.bbc.co.uk","http://www.bbc.co.uk/news/world-latin-america-21835159","",5,"Medium",4.58531,272691,"BR","SA","Tue Apr 01 2014 00:00:00 GMT+0000 (UTC)",-22.5221,-43.2192,NA,NA,NA,NA,"Petropolis",-22.505,-43.17861,"P","PPL",272691,NA,819,"America/Sao_Paulo",NA,NA,249.176631757132,NA,NA,NA,NA,NA
"188",4728665,4789,2013-03-28,"Brazil","landslide","Landslide","Other","",6,NA,"bestonlinebroker.co","http://bestonlinebroker.co/p/3999693490/2013/04/10/beadell-resources-why-the-silence-after-a-major-mining-disaster","",1,"Medium",0.1702,83927,"BR","SA","Tue Apr 01 2014 00:00:00 GMT+0000 (UTC)",-0.0568,-51.1818,NA,NA,NA,NA,"Santana",-0.05833,-51.18167,"P","PPL",83927,NA,0,"America/Belem",NA,NA,9.78263690539604,NA,NA,NA,NA,NA
"189",5648089,5632,2013-11-11,"Brazil","landslide","Landslide","Downpour","",2,1,"","https://www.redesul.com.br/noticias/show/noticia/30217-desmoronamento-de-casa-causa-morte-mae-e-filha-em-bom-principio","",5,"Medium",11.3725,19012,"BR","SA","Tue Apr 01 2014 00:00:00 GMT+0000 (UTC)",-29.4878,-51.3442,NA,NA,NA,NA,"Aracoiaba",-4.37111,-38.81417,"P","PPL",13425,NA,112,"America/Fortaleza",NA,NA,129.354331863755,NA,NA,NA,NA,NA
"190",5695403,5676,2013-12-06,"Brazil","landslide","Landslide","Downpour","",NA,1,"floodlist.com","http://floodlist.com/america/4-dead-rio-de-janeiro-floods","",50,"Medium",2.74916,272691,"BR","SA","Tue Apr 01 2014 00:00:00 GMT+0000 (UTC)",-22.5195,-43.2003,NA,NA,NA,NA,"Petropolis",-22.505,-43.17861,"P","PPL",272691,NA,819,"America/Sao_Paulo",NA,NA,151.315250196411,NA,NA,NA,NA,NA
"191",5697416,5679,2013-12-07,"Brazil","landslide","Mudslide","Downpour","",16,NA,"www.weatheronline.co.uk","http://www.weatheronline.co.uk/cgi-app/reports?ARCHIV=0&LANG=en&MENU=207&FILE=b2.txt&DAY=20131211","",1,"Medium",25.8893,11169,"BR","SA","Tue Apr 01 2014 00:00:00 GMT+0000 (UTC)",-12.3546,-40.9044,NA,NA,NA,NA,"Caninde de Sao Francisco",-9.66,-37.78944,"P","PPL",11052,NA,179,"America/Maceio",NA,NA,222.929112606424,NA,NA,NA,NA,NA
"192",5708029,5685,2013-12-10,"Brazil","landslide","Landslide","Downpour","",NA,NA,"www.fatonovo.com.br","http://www.fatonovo.com.br/novo-deslizamento-volta-a-preocupar-not-2238.php","",5,"Small",15.65702,19012,"BR","SA","Tue Apr 01 2014 00:00:00 GMT+0000 (UTC)",-29.4478,-51.346,NA,NA,NA,NA,"Lapao",-11.38333,-41.83194,"P","PPL",11252,NA,775,"America/Bahia",NA,NA,225.908531795542,NA,NA,NA,NA,NA
"193",5710040,5686,2013-12-10,"Brazil","landslide","Landslide","Downpour","",NA,NA,"www.rappler.com","http://www.rappler.com/world/regions/latin-america/45739-heavy-rain-state-of-alert-rio","",5,"Medium",2.15421,147281,"BR","SA","Tue Apr 01 2014 00:00:00 GMT+0000 (UTC)",-22.8213,-43.3991,NA,NA,NA,NA,"Nilopolis",-22.8075,-43.41389,"P","PPL",147281,NA,27,"America/Sao_Paulo",NA,NA,108.780339648734,NA,NA,NA,NA,NA
"194",5712052,5688,2013-12-11,"Brazil","landslide","Landslide","Downpour","",NA,NA,"aserra.com.br","http://aserra.com.br/noticias/petropolis-deslizamento-de-terra-interdita-casa-no-independencia.html","",5,"Small",5.3496,272691,"BR","SA","Tue Apr 01 2014 00:00:00 GMT+0000 (UTC)",-22.5444,-43.2087,NA,NA,NA,NA,"Ponta Pora",-22.53611,-55.72556,"P","PPL",55763,NA,659,"America/Campo_Grande",NA,NA,274.186637966253,NA,NA,NA,NA,NA
"195",5714063,5689,2013-12-11,"Brazil","landslide","Landslide","Downpour","",NA,2,"www.rappler.com","http://www.rappler.com/world/regions/latin-america/45739-heavy-rain-state-of-alert-rio","",10,"Medium",10.81048,147281,"BR","SA","Tue Apr 01 2014 00:00:00 GMT+0000 (UTC)",-22.9011,-43.4438,NA,NA,NA,NA,"Independencia",-5.39639,-40.30861,"P","PPL",11113,NA,341,"America/Fortaleza",NA,NA,149.699069940026,NA,NA,NA,NA,NA
"196",5716076,5692,2013-12-13,"Brazil","landslide","Riverbank_Collapse","Downpour","",0,NA,"cbn.globoradio.globo.com","http://cbn.globoradio.globo.com/rio-de-janeiro/2013/12/13/CASA-AS-MARGENS-DE-RIO-DESMORONA-EM-NOVA-IGUACU.htm","",25,"Small",12.68853,54846,"BR","SA","Tue Apr 01 2014 00:00:00 GMT+0000 (UTC)",-22.8267,-43.6221,NA,NA,NA,NA,"Piritiba",-11.73028,-40.55528,"P","PPL",16230,NA,542,"America/Bahia",NA,NA,319.420778084181,NA,NA,NA,NA,NA
"197",5718089,5695,2013-12-17,"Brazil","landslide","Landslide","Downpour","",6,NA,"www.nydailynews.com","http://www.nydailynews.com/news/world/video-landslides-brazil-kill-including-children-article-1.1551879","",50,"Medium",32.99747,6902,"BR","SA","Tue Apr 01 2014 00:00:00 GMT+0000 (UTC)",-18.7913,-42.3753,NA,NA,NA,NA,"Araguaiana",-15.73389,-51.83139,"P","PPL",3512,NA,287,"America/Sao_Paulo",NA,NA,286.609930645747,NA,NA,NA,NA,NA
"198",5720100,5696,2013-12-17,"Brazil","landslide","Landslide","Downpour","",NA,NA,"www.nydailynews.com","http://www.nydailynews.com/news/world/video-landslides-brazil-kill-including-children-article-1.1551879","",50,"Medium",32.99747,6902,"BR","SA","Tue Apr 01 2014 00:00:00 GMT+0000 (UTC)",-18.7913,-42.3753,NA,NA,NA,NA,"Araguaiana",-15.73389,-51.83139,"P","PPL",3512,NA,287,"America/Sao_Paulo",NA,NA,286.609930645747,NA,NA,NA,NA,NA
"199",5722117,5703,2013-12-21,"Brazil","landslide","Landslide","Rain","",1,NA,"portalguandu.com.br","http://portalguandu.com.br/noticia/11217/senhora-de-57-anos-morre-em-deslizamento-de-terra-no-laranjal-em-itaguacu-es","",50,"Medium",20.72539,8201,"BR","SA","Tue Apr 01 2014 00:00:00 GMT+0000 (UTC)",-19.6168,-40.8262,NA,NA,NA,NA,"Barroso",-21.18694,-43.97583,"P","PPL",16975,NA,927,"America/Sao_Paulo",NA,NA,238.26496422429,NA,NA,NA,NA,NA
"200",5724130,5706,2013-12-21,"Brazil","landslide","Landslide","Rain","",NA,NA,"memoria.ebc.com.br","http://memoria.ebc.com.br/agenciabrasil/noticia/2013-12-21/chuvas-causam-deslizamentos-de-terra-no-espirito-santo-5-pessoas-morreram","",50,"Large",7.32023,19292,"BR","SA","Tue Apr 01 2014 00:00:00 GMT+0000 (UTC)",-19.5378,-40.949,NA,NA,NA,NA,"Correia Pinto",-27.58472,-50.36111,"P","PPL",13752,NA,838,"America/Sao_Paulo",NA,NA,62.908472634574,NA,NA,NA,NA,NA
"201",5726141,5707,2013-12-21,"Brazil","landslide","Landslide","Rain","",NA,NA,"portalguandu.com.br","http://portalguandu.com.br/noticia/11217/senhora-de-57-anos-morre-em-deslizamento-de-terra-no-laranjal-em-itaguacu-es","",10,"Medium",16.56792,8201,"BR","SA","Tue Apr 01 2014 00:00:00 GMT+0000 (UTC)",-19.6528,-40.8424,NA,NA,NA,NA,"Barroso",-21.18694,-43.97583,"P","PPL",16975,NA,927,"America/Sao_Paulo",NA,NA,36.6117460502836,NA,NA,NA,NA,NA
"202",5728154,5710,2013-12-22,"Brazil","landslide","Landslide","Downpour","",NA,NA,"g1.globo.com","http://g1.globo.com/espirito-santo/noticia/2013/12/deslizamentos-interditam-br-101-e-chuva-alaga-ruas-da-grande-vitoria.html","",10,"Large",6.1215,55122,"BR","SA","Tue Apr 01 2014 00:00:00 GMT+0000 (UTC)",-20.4337,-40.4598,NA,NA,NA,NA,"Ponte Nova",-20.41639,-42.90861,"P","PPL",48187,NA,438,"America/Sao_Paulo",NA,NA,67.5660199017535,NA,NA,NA,NA,NA
"203",5745037,5724,2013-12-25,"Brazil","landslide","Mudslide","Downpour","",1,1,"www.tasnimnews.com","http://www.tasnimnews.com/English/Home/Single/232381","",1,"Medium",6.25717,470193,"BR","SA","Tue Apr 01 2014 00:00:00 GMT+0000 (UTC)",-21.7303,-43.3987,NA,NA,NA,NA,"Aguas Belas",-9.11139,-37.12306,"P","PPL",22563,NA,378,"America/Recife",NA,NA,337.887579606606,NA,NA,NA,NA,NA
"204",5878689,6057,2014-06-14,"Brazil","landslide","Landslide","Continuous_rain","",0,0,"USA Today","http://worldcup.usatoday.com/2014/06/14/natal-brazil-world-cup-us-soccer-usmnt-ghana-group-g-landslides-flooding/","unknown",1,"Small",2.05795,763043,"BR","SA","Sun Aug 24 2014 00:00:00 GMT+0000 (UTC)",-5.7897,-35.1916,NA,NA,NA,NA,"Natal",-5.795,-35.20944,"P","PPLA",763043,NA,32,"America/Fortaleza",NA,NA,105.773933755304,NA,NA,NA,NA,NA
"205",5880701,6059,2014-06-15,"Brazil","landslide","Landslide","Continuous_rain","",0,0,"Mirror","http://www.mirror.co.uk/news/world-news/world-cup-2014-watch-drone-3704035","Urban_area",5,"Medium",2.14843,763043,"BR","SA","Wed Jan 07 2015 21:17:48 GMT+0000 (UTC)",-5.8141,-35.2059,NA,NA,NA,NA,"Natal",-5.795,-35.20944,"P","PPLA",763043,NA,32,"America/Fortaleza",NA,NA,123.321696661019,NA,NA,NA,NA,NA
"206",5898802,6085,2014-06-23,"United States","landslide","Mudslide","Continuous_rain","",0,0,"Global Post","http://www.globalpost.com/dispatch/news/xinhua-news-agency/140623/host-city-natal-continues-suffer-mudslides","unknown",5,"Medium",2.29023,763043,"BR","SA","Sun Aug 24 2014 00:00:00 GMT+0000 (UTC)",-5.7946,-35.1888,NA,NA,NA,NA,"Natal",-5.795,-35.20944,"P","PPLA",763043,NA,32,"America/Fortaleza",NA,NA,116.151792292109,NA,NA,NA,NA,NA
"207",6468835,6591,2014-01-04,"","landslide","Riverbank_Collapse","Unknown","",0,0,"G1","http://g1.globo.com/pa/para/noticia/2014/01/area-que-desabou-em-abaetetuba-tinha-aterro-irregular-diz-engenheira.html","Urban_area",NA,"Medium",1.04062,78050,"BR","SA","Fri Dec 26 2014 22:15:43 GMT+0000 (UTC)",-1.7225,-48.8907,NA,NA,NA,NA,"Abaetetuba",-1.71806,-48.8825,"P","PPL",78050,NA,9,"America/Belem",NA,NA,29.3374760850348,52,1784.91666666667,"BR",1784.91666666667,"BR"
"208",6555677,6849,2015-03-07,"","landslide","Landslide","Downpour","",3,0,"Global Times","http://www.globaltimes.cn/content/910933.shtml","Urban_area",NA,"Medium",0.83016,98989,"BR","SA","Sun Mar 22 2015 20:54:38 GMT+0000 (UTC)",-23.4499,-46.923,NA,NA,NA,NA,"Santana de Parnaiba",-23.44417,-46.91778,"P","PPL",98989,NA,711,"America/Sao_Paulo",NA,NA,36.7043104254034,NA,NA,NA,NA,NA
"209",6651074,7050,2015-05-20,"","landslide","Landslide","Continuous_rain","",1,1,"Latin America Herald Tribune","http://www.laht.com/article.asp?ArticleId=2388520&CategoryId=14090","Urban_area",NA,"Small",0.81136,2711840,"BR","SA","Thu Jul 02 2015 15:48:58 GMT+0000 (UTC)",-12.9774,-38.5147,NA,NA,NA,NA,"Salvador",-12.97111,-38.51083,"P","PPLA",2711840,NA,10,"America/Bahia",NA,NA,46.0233132667795,NA,NA,NA,NA,NA
"210",6766062,7118,2015-04-27,"","landslide","Landslide","Downpour","",7,0,"BBC","http://www.bbc.com/news/world-latin-america-32494686","Urban_area",NA,"Medium",3.21454,2711840,"BR","SA","Thu Jul 09 2015 18:33:46 GMT+0000 (UTC)",-12.9828,-38.4837,NA,NA,NA,NA,"Salvador",-12.97111,-38.51083,"P","PPLA",2711840,NA,10,"America/Bahia",NA,NA,175.105492920524,NA,NA,NA,NA,NA
"211",6768073,7119,2015-04-27,"","landslide","Landslide","Downpour","",7,0,"BBC","http://www.bbc.com/news/world-latin-america-32494686","Urban_area",NA,"Medium",5.24335,2711840,"BR","SA","Thu Jul 09 2015 18:55:21 GMT+0000 (UTC)",-12.9379,-38.4764,NA,NA,NA,NA,"Eirunepe",-6.66028,-69.87361,"P","PPL",17175,NA,123,"America/Eirunepe",NA,NA,116.512216479132,NA,NA,NA,NA,NA
"212",7244498,8910,2015-11-01,"","landslide","Mudslide","Dam_Embankment_Collapse","",17,50,"RTE News","http://www.rte.ie/news/2015/1106/740002-brazil-mudslide-deaths/","Retaining_wall",NA,"Very_large",4.22868,63678,"BR","SA","Tue Jul 12 2016 18:15:03 GMT+0000 (UTC)",-20.3996,-43.465,NA,NA,NA,NA,"Ouro Preto",-20.39484,-43.50517,"P","PPL",63678,NA,1201,"America/Sao_Paulo",NA,NA,30.8922218734641,NA,NA,NA,NA,NA
"213",7510374,9381,2016-03-10,"","landslide","Mudslide","Downpour","",4,7,"The Australian","http://www.theaustralian.com.au/news/latest-news/flooding-kills-15-in-brazil/news-story/42dc9bda0cdf676a9e097642cb325daa","Unknown",NA,"Medium",3.68529,54415,"BR","SA","Wed Aug 03 2016 17:42:47 GMT+0000 (UTC)",-23.3025,-46.5551,NA,NA,NA,NA,"Areia Branca",-4.95611,-37.13694,"P","PPL",18372,NA,11,"America/Fortaleza",NA,NA,100.724681461612,NA,NA,NA,NA,NA
"214",7512385,9382,2016-03-10,"","landslide","Mudslide","Downpour","",9,12,"The Australian","http://www.theaustralian.com.au/news/latest-news/flooding-kills-15-in-brazil/news-story/42dc9bda0cdf676a9e097642cb325daa","Unknown",NA,"Medium",0.69086,171790,"BR","SA","Wed Aug 03 2016 17:45:29 GMT+0000 (UTC)",-23.2789,-46.7392,NA,NA,NA,NA,"Francisco Morato",-23.28167,-46.74528,"P","PPL",171790,NA,803,"America/Sao_Paulo",NA,NA,20.6726129999109,NA,NA,NA,NA,NA
